experiment_id,station_id,station_name,session_id,timestamp_utc,plc_timestamp_matched,state_age_seconds,canonical_row_id,operation_row_id,canonical_source_file,plc_source_file
Exp20190617,50,RobotAssembly,Exp20190617-S50-001,2019-06-17 09:56:40.843000+00:00,2019-06-17 09:36:35.565000+00:00,1205.278,cc7d60238b4ca7d1d8c02768a6a47356859752cb00085e64dea8279800eabfa9,843b618757940fb8d95e30d027fc94b3b926f8696effe6ee2207d951c8baa6d2,Exp20190617/dump_20190617_1209_new.sql,Exp20190617/dump_20190617_1209_new.sql
Exp20190617,50,RobotAssembly,Exp20190617-S50-001,2019-06-17 09:56:40.824000+00:00,2019-06-17 09:36:35.565000+00:00,1205.259,0335cb01164323c900ebc7886bf1d4d0da303db8fe4b8bd474793d0745dc72f9,843b618757940fb8d95e30d027fc94b3b926f8696effe6ee2207d951c8baa6d2,Exp20190617/dump_20190617_1209_new.sql,Exp20190617/dump_20190617_1209_new.sql
Exp20190617,50,RobotAssembly,Exp20190617-S50-001,2019-06-17 09:56:40.779000+00:00,2019-06-17 09:36:35.565000+00:00,1205.214,e2adc7f8ae4de858eb7a6b39b32806ebd443d44c2f320e1a4cd7926a2d92e0ca,843b618757940fb8d95e30d027fc94b3b926f8696effe6ee2207d951c8baa6d2,Exp20190617/dump_20190617_1209_new.sql,Exp20190617/dump_20190617_1209_new.sql
Exp20190617,50,RobotAssembly,Exp20190617-S50-001,2019-06-17 09:56:39.833000+00:00,2019-06-17 09:36:35.565000+00:00,1204.268,18468ac0a1827cb811b2c09e6db97b9c814a50feda960eb5249f36f7d4f9f682,843b618757940fb8d95e30d027fc94b3b926f8696effe6ee2207d951c8baa6d2,Exp20190617/dump_20190617_1209_new.sql,Exp20190617/dump_20190617_1209_new.sql
Exp20190617,50,RobotAssembly,Exp20190617-S50-001,2019-06-17 09:56:39.772000+00:00,2019-06-17 09:36:35.565000+00:00,1204.207,f36381f2105fa2bb47c466a66e78bea3b1ff8c0119acf14fa242e382fb1a4205,843b618757940fb8d95e30d027fc94b3b926f8696effe6ee2207d951c8baa6d2,Exp20190617/dump_20190617_1209_new.sql,Exp20190617/dump_20190617_1209_new.sql
Exp20190617,50,RobotAssembly,Exp20190617-S50-001,2019-06-17 09:56:39.756000+00:00,2019-06-17 09:36:35.565000+00:00,1204.191,b75e0c35015b967afb3e189e0213a92e13b3e4cc3deafaf3fbce99a156362463,843b618757940fb8d95e30d027fc94b3b926f8696effe6ee2207d951c8baa6d2,Exp20190617/dump_20190617_1209_new.sql,Exp20190617/dump_20190617_1209_new.sql
Exp20190617,50,RobotAssembly,Exp20190617-S50-001,2019-06-17 09:56:38.924000+00:00,2019-06-17 09:36:35.565000+00:00,1203.359,b3380f96da95fb5b8bc9caa0796f57492417c88a12ba9c8a12eac8c31161bc5c,843b618757940fb8d95e30d027fc94b3b926f8696effe6ee2207d951c8baa6d2,Exp20190617/dump_20190617_1209_new.sql,Exp20190617/dump_20190617_1209_new.sql
Exp20190617,50,RobotAssembly,Exp20190617-S50-001,2019-06-17 09:56:38.890000+00:00,2019-06-17 09:36:35.565000+00:00,1203.325,633b335542307d564a11fb0dde33c7bd9ea61e696c22b6db8b389e1783fcb45d,843b618757940fb8d95e30d027fc94b3b926f8696effe6ee2207d951c8baa6d2,Exp20190617/dump_20190617_1209_new.sql,Exp20190617/dump_20190617_1209_new.sql
Exp20190617,50,RobotAssembly,Exp20190617-S50-001,2019-06-17 09:56:38.812000+00:00,2019-06-17 09:36:35.565000+00:00,1203.247,85c53933bffb3364f33185f10d63d471e1a667b5073964e7311497cdc7ef1855,843b618757940fb8d95e30d027fc94b3b926f8696effe6ee2207d951c8baa6d2,Exp20190617/dump_20190617_1209_new.sql,Exp20190617/dump_20190617_1209_new.sql
Exp20190617,50,RobotAssembly,Exp20190617-S50-001,2019-06-17 09:56:37.855000+00:00,2019-06-17 09:36:35.565000+00:00,1202.29,a69728a2a53a7bfa3f55051d6d9b2077a4dda4c3ab9275ddd0a03dd7bd351e73,843b618757940fb8d95e30d027fc94b3b926f8696effe6ee2207d951c8baa6d2,Exp20190617/dump_20190617_1209_new.sql,Exp20190617/dump_20190617_1209_new.sql
Exp20190617,50,RobotAssembly,Exp20190617-S50-001,2019-06-17 09:56:37.778000+00:00,2019-06-17 09:36:35.565000+00:00,1202.213,5b5fabad6b7bce54e1f41370a6b5d81b9115ffbe24e0368c9d942265c1904801,843b618757940fb8d95e30d027fc94b3b926f8696effe6ee2207d951c8baa6d2,Exp20190617/dump_20190617_1209_new.sql,Exp20190617/dump_20190617_1209_new.sql
Exp20190617,50,RobotAssembly,Exp20190617-S50-001,2019-06-17 09:56:37.762000+00:00,2019-06-17 09:36:35.565000+00:00,1202.197,b24b09732a48ec35a95ad60524be95d99e71b0afab5ee5abaa99332404fbec8d,843b618757940fb8d95e30d027fc94b3b926f8696effe6ee2207d951c8baa6d2,Exp20190617/dump_20190617_1209_new.sql,Exp20190617/dump_20190617_1209_new.sql
Exp20190617,50,RobotAssembly,Exp20190617-S50-001,2019-06-17 09:56:36.821000+00:00,2019-06-17 09:36:35.565000+00:00,1201.256,dd9536f1f7881094199338b3da64a1c9e1947fe1af959f119b88d14828b0f486,843b618757940fb8d95e30d027fc94b3b926f8696effe6ee2207d951c8baa6d2,Exp20190617/dump_20190617_1209_new.sql,Exp20190617/dump_20190617_1209_new.sql
Exp20190617,50,RobotAssembly,Exp20190617-S50-001,2019-06-17 09:56:36.795000+00:00,2019-06-17 09:36:35.565000+00:00,1201.23,f7132a15b0f3822f9f19ecca24655e446244ebd8d9b048ccf53098a5f524f439,843b618757940fb8d95e30d027fc94b3b926f8696effe6ee2207d951c8baa6d2,Exp20190617/dump_20190617_1209_new.sql,Exp20190617/dump_20190617_1209_new.sql
Exp20190617,50,RobotAssembly,Exp20190617-S50-001,2019-06-17 09:56:36.780000+00:00,2019-06-17 09:36:35.565000+00:00,1201.215,2e05f6e06434f5ab8eb00f7475ed385ff891cbcb023e6bd1330d4624c9723983,843b618757940fb8d95e30d027fc94b3b926f8696effe6ee2207d951c8baa6d2,Exp20190617/dump_20190617_1209_new.sql,Exp20190617/dump_20190617_1209_new.sql
Exp20190617,50,RobotAssembly,Exp20190617-S50-001,2019-06-17 09:56:35.853000+00:00,2019-06-17 09:36:35.565000+00:00,1200.288,ba4b2bd7944993a2a165d5cb49d454f9fbb8b24a37e423672c7ae7cd01c7d13a,843b618757940fb8d95e30d027fc94b3b926f8696effe6ee2207d951c8baa6d2,Exp20190617/dump_20190617_1209_new.sql,Exp20190617/dump_20190617_1209_new.sql
Exp20190617,50,RobotAssembly,Exp20190617-S50-001,2019-06-17 09:56:35.827000+00:00,2019-06-17 09:36:35.565000+00:00,1200.262,df48cf26f1c5b9f54114b4ee2779d694fd70d69ddf752e92f26a84bd675bb703,843b618757940fb8d95e30d027fc94b3b926f8696effe6ee2207d951c8baa6d2,Exp20190617/dump_20190617_1209_new.sql,Exp20190617/dump_20190617_1209_new.sql
Exp20190617,50,RobotAssembly,Exp20190617-S50-001,2019-06-17 09:56:35.811000+00:00,2019-06-17 09:36:35.565000+00:00,1200.246,e3d99e874e1aca8cd654a5a5c81c426dd86864a3d1353e93c1f807a32172812d,843b618757940fb8d95e30d027fc94b3b926f8696effe6ee2207d951c8baa6d2,Exp20190617/dump_20190617_1209_new.sql,Exp20190617/dump_20190617_1209_new.sql
Exp20190617,50,RobotAssembly,Exp20190617-S50-001,2019-06-17 09:56:34.857000+00:00,2019-06-17 09:36:35.565000+00:00,1199.292,ef627fbf98db44e647d595b2eebde5680668527dca03f6c2cf439403c794869a,843b618757940fb8d95e30d027fc94b3b926f8696effe6ee2207d951c8baa6d2,Exp20190617/dump_20190617_1209_new.sql,Exp20190617/dump_20190617_1209_new.sql
Exp20190617,50,RobotAssembly,Exp20190617-S50-001,2019-06-17 09:56:34.782000+00:00,2019-06-17 09:36:35.565000+00:00,1199.217,927dd91a7a98d7dac7b6bd844e9af46a8ab960d54dc14927d4b16db046be1394,843b618757940fb8d95e30d027fc94b3b926f8696effe6ee2207d951c8baa6d2,Exp20190617/dump_20190617_1209_new.sql,Exp20190617/dump_20190617_1209_new.sql
Exp20190617,50,RobotAssembly,Exp20190617-S50-001,2019-06-17 09:56:34.767000+00:00,2019-06-17 09:36:35.565000+00:00,1199.202,375ea5aada9d8ac5a74675c46ec9d856403395e28aa18b255aad50fe14fb44f7,843b618757940fb8d95e30d027fc94b3b926f8696effe6ee2207d951c8baa6d2,Exp20190617/dump_20190617_1209_new.sql,Exp20190617/dump_20190617_1209_new.sql
Exp20190617,50,RobotAssembly,Exp20190617-S50-001,2019-06-17 09:56:33.836000+00:00,2019-06-17 09:36:35.565000+00:00,1198.271,bf9165ac8e2532c47ead02d6005ba5f495f6784598a558efd4cddf3e7a28b9c1,843b618757940fb8d95e30d027fc94b3b926f8696effe6ee2207d951c8baa6d2,Exp20190617/dump_20190617_1209_new.sql,Exp20190617/dump_20190617_1209_new.sql
Exp20190617,50,RobotAssembly,Exp20190617-S50-001,2019-06-17 09:56:33.820000+00:00,2019-06-17 09:36:35.565000+00:00,1198.255,5eeb50aa961e25d1b84018ba5196041de28273907c33a7d0d37b1cbefb1c328a,843b618757940fb8d95e30d027fc94b3b926f8696effe6ee2207d951c8baa6d2,Exp20190617/dump_20190617_1209_new.sql,Exp20190617/dump_20190617_1209_new.sql
Exp20190617,50,RobotAssembly,Exp20190617-S50-001,2019-06-17 09:56:33.787000+00:00,2019-06-17 09:36:35.565000+00:00,1198.222,a66597401d7fde73710fd3f679cef2c106bec9ad94e072600d686e03fbe2437e,843b618757940fb8d95e30d027fc94b3b926f8696effe6ee2207d951c8baa6d2,Exp20190617/dump_20190617_1209_new.sql,Exp20190617/dump_20190617_1209_new.sql
Exp20190617,50,RobotAssembly,Exp20190617-S50-001,2019-06-17 09:56:32.870000+00:00,2019-06-17 09:36:35.565000+00:00,1197.305,585c0df2cf42d1cb4db7df9bb0d8ed391936e5612844f27ff4ea4c2177387fbf,843b618757940fb8d95e30d027fc94b3b926f8696effe6ee2207d951c8baa6d2,Exp20190617/dump_20190617_1209_new.sql,Exp20190617/dump_20190617_1209_new.sql
Exp20190617,50,RobotAssembly,Exp20190617-S50-001,2019-06-17 09:56:32.863000+00:00,2019-06-17 09:36:35.565000+00:00,1197.298,612945bdd6db4db2d55c0a832fd6b79d0f08ec5aec2eb431bfb1258bfc5fbff0,843b618757940fb8d95e30d027fc94b3b926f8696effe6ee2207d951c8baa6d2,Exp20190617/dump_20190617_1209_new.sql,Exp20190617/dump_20190617_1209_new.sql
Exp20190617,50,RobotAssembly,Exp20190617-S50-001,2019-06-17 09:56:32.844000+00:00,2019-06-17 09:36:35.565000+00:00,1197.279,42d812e0fb128fcb4462bd34c1843f43de42949b5202ea75b747c74aae39c225,843b618757940fb8d95e30d027fc94b3b926f8696effe6ee2207d951c8baa6d2,Exp20190617/dump_20190617_1209_new.sql,Exp20190617/dump_20190617_1209_new.sql
Exp20190617,50,RobotAssembly,Exp20190617-S50-001,2019-06-17 09:56:31.787000+00:00,2019-06-17 09:36:35.565000+00:00,1196.222,1f5f8dd17a4b480c0065c8fc4c9a722c927c4f35a2bd482fe256489765c6cd75,843b618757940fb8d95e30d027fc94b3b926f8696effe6ee2207d951c8baa6d2,Exp20190617/dump_20190617_1209_new.sql,Exp20190617/dump_20190617_1209_new.sql
Exp20190617,50,RobotAssembly,Exp20190617-S50-001,2019-06-17 09:56:31.778000+00:00,2019-06-17 09:36:35.565000+00:00,1196.213,3030e04fe812dd9f00d89974c047d1d9efab44ce72e30c5b6565f51605788611,843b618757940fb8d95e30d027fc94b3b926f8696effe6ee2207d951c8baa6d2,Exp20190617/dump_20190617_1209_new.sql,Exp20190617/dump_20190617_1209_new.sql
Exp20190617,50,RobotAssembly,Exp20190617-S50-001,2019-06-17 09:56:31.760000+00:00,2019-06-17 09:36:35.565000+00:00,1196.195,70fc038e14bcb2eb816d5467b5e71d913a29c72638f4c5ec457760c18133cd4a,843b618757940fb8d95e30d027fc94b3b926f8696effe6ee2207d951c8baa6d2,Exp20190617/dump_20190617_1209_new.sql,Exp20190617/dump_20190617_1209_new.sql
Exp20190617,50,RobotAssembly,Exp20190617-S50-001,2019-06-17 09:56:30.834000+00:00,2019-06-17 09:36:35.565000+00:00,1195.269,ec88dac831c68ce72b1ae57d667208b34bf78943d2c681ba73c5f2bc9c5ae207,843b618757940fb8d95e30d027fc94b3b926f8696effe6ee2207d951c8baa6d2,Exp20190617/dump_20190617_1209_new.sql,Exp20190617/dump_20190617_1209_new.sql
Exp20190617,50,RobotAssembly,Exp20190617-S50-001,2019-06-17 09:56:30.832000+00:00,2019-06-17 09:36:35.565000+00:00,1195.267,39f6f51c98a66c2818c9b2c8eeeadb4513f887e1fde98bb083821ed8bd21f135,843b618757940fb8d95e30d027fc94b3b926f8696effe6ee2207d951c8baa6d2,Exp20190617/dump_20190617_1209_new.sql,Exp20190617/dump_20190617_1209_new.sql
Exp20190617,50,RobotAssembly,Exp20190617-S50-001,2019-06-17 09:56:30.799000+00:00,2019-06-17 09:36:35.565000+00:00,1195.234,091932bdd819805311a8a5f5a3d0da88be8e160d2070409efd1968ba22336bfc,843b618757940fb8d95e30d027fc94b3b926f8696effe6ee2207d951c8baa6d2,Exp20190617/dump_20190617_1209_new.sql,Exp20190617/dump_20190617_1209_new.sql
Exp20190617,50,RobotAssembly,Exp20190617-S50-001,2019-06-17 09:56:29.819000+00:00,2019-06-17 09:36:35.565000+00:00,1194.254,1be3e872c92c52f93f090807a8b2e6ddd3a6d3ff75143c55551b0a2e58d39836,843b618757940fb8d95e30d027fc94b3b926f8696effe6ee2207d951c8baa6d2,Exp20190617/dump_20190617_1209_new.sql,Exp20190617/dump_20190617_1209_new.sql
Exp20190617,50,RobotAssembly,Exp20190617-S50-001,2019-06-17 09:56:29.765000+00:00,2019-06-17 09:36:35.565000+00:00,1194.2,e41fbc774e7812a89f641de8d060fd4e94dc05e4152e7607fadaef694c337a45,843b618757940fb8d95e30d027fc94b3b926f8696effe6ee2207d951c8baa6d2,Exp20190617/dump_20190617_1209_new.sql,Exp20190617/dump_20190617_1209_new.sql
Exp20190617,50,RobotAssembly,Exp20190617-S50-001,2019-06-17 09:56:29.760000+00:00,2019-06-17 09:36:35.565000+00:00,1194.195,eaf598a63ac661e1be1567cdf3da174d0358978f4e9c809706beef5ab3d1bfef,843b618757940fb8d95e30d027fc94b3b926f8696effe6ee2207d951c8baa6d2,Exp20190617/dump_20190617_1209_new.sql,Exp20190617/dump_20190617_1209_new.sql
Exp20190617,50,RobotAssembly,Exp20190617-S50-001,2019-06-17 09:56:28.910000+00:00,2019-06-17 09:36:35.565000+00:00,1193.345,43ca7ae55ac96c80934be08aa8f1ef7674119c877049a5320ecbc3ed09a2533c,843b618757940fb8d95e30d027fc94b3b926f8696effe6ee2207d951c8baa6d2,Exp20190617/dump_20190617_1209_new.sql,Exp20190617/dump_20190617_1209_new.sql
Exp20190617,50,RobotAssembly,Exp20190617-S50-001,2019-06-17 09:56:28.833000+00:00,2019-06-17 09:36:35.565000+00:00,1193.268,8243efbc26b790177c6acbc1c211a7e2f09075207a2ee177a6588e5595cb1b08,843b618757940fb8d95e30d027fc94b3b926f8696effe6ee2207d951c8baa6d2,Exp20190617/dump_20190617_1209_new.sql,Exp20190617/dump_20190617_1209_new.sql
Exp20190617,50,RobotAssembly,Exp20190617-S50-001,2019-06-17 09:56:28.822000+00:00,2019-06-17 09:36:35.565000+00:00,1193.257,123151f2ec6972a5eaae85019a4e80cd4a277647d5e30571d2927bb93afc54f7,843b618757940fb8d95e30d027fc94b3b926f8696effe6ee2207d951c8baa6d2,Exp20190617/dump_20190617_1209_new.sql,Exp20190617/dump_20190617_1209_new.sql
Exp20190617,50,RobotAssembly,Exp20190617-S50-001,2019-06-17 09:56:27.869000+00:00,2019-06-17 09:36:35.565000+00:00,1192.304,29ed052d3e8760f16d4e643ed275bb6a9c340082534af7e939e7c3517b525824,843b618757940fb8d95e30d027fc94b3b926f8696effe6ee2207d951c8baa6d2,Exp20190617/dump_20190617_1209_new.sql,Exp20190617/dump_20190617_1209_new.sql
Exp20190617,50,RobotAssembly,Exp20190617-S50-001,2019-06-17 09:56:27.830000+00:00,2019-06-17 09:36:35.565000+00:00,1192.265,285d6c8e16e3af4d856d6786f72062c8b6b6e4a86779a43317faae1cd89e2757,843b618757940fb8d95e30d027fc94b3b926f8696effe6ee2207d951c8baa6d2,Exp20190617/dump_20190617_1209_new.sql,Exp20190617/dump_20190617_1209_new.sql
Exp20190617,50,RobotAssembly,Exp20190617-S50-001,2019-06-17 09:56:27.789000+00:00,2019-06-17 09:36:35.565000+00:00,1192.224,fa58f8eba66eec844043e53e1ee916bab44d127c8db6a97f1947be96134fa5b2,843b618757940fb8d95e30d027fc94b3b926f8696effe6ee2207d951c8baa6d2,Exp20190617/dump_20190617_1209_new.sql,Exp20190617/dump_20190617_1209_new.sql
Exp20190617,50,RobotAssembly,Exp20190617-S50-001,2019-06-17 09:56:26.852000+00:00,2019-06-17 09:36:35.565000+00:00,1191.287,638d7d48039990fc6e0cf1440601a76a950895272e250f553b17e7acea073da4,843b618757940fb8d95e30d027fc94b3b926f8696effe6ee2207d951c8baa6d2,Exp20190617/dump_20190617_1209_new.sql,Exp20190617/dump_20190617_1209_new.sql
Exp20190617,50,RobotAssembly,Exp20190617-S50-001,2019-06-17 09:56:26.779000+00:00,2019-06-17 09:36:35.565000+00:00,1191.214,df29aba6d3e020aa486f23e86f9383c3268073ea66b227011aa73250fb3f2f9d,843b618757940fb8d95e30d027fc94b3b926f8696effe6ee2207d951c8baa6d2,Exp20190617/dump_20190617_1209_new.sql,Exp20190617/dump_20190617_1209_new.sql
Exp20190617,50,RobotAssembly,Exp20190617-S50-001,2019-06-17 09:56:26.763000+00:00,2019-06-17 09:36:35.565000+00:00,1191.198,21fcc3e61a1f61d844d89e43e00703aa6cb67708e018b2eebe0faa83f6f340b7,843b618757940fb8d95e30d027fc94b3b926f8696effe6ee2207d951c8baa6d2,Exp20190617/dump_20190617_1209_new.sql,Exp20190617/dump_20190617_1209_new.sql
Exp20190617,50,RobotAssembly,Exp20190617-S50-001,2019-06-17 09:56:25.825000+00:00,2019-06-17 09:36:35.565000+00:00,1190.26,e921ff9d722e83eaa867622779a93971be21567bd9cb377f5c505bc2d3bd84de,843b618757940fb8d95e30d027fc94b3b926f8696effe6ee2207d951c8baa6d2,Exp20190617/dump_20190617_1209_new.sql,Exp20190617/dump_20190617_1209_new.sql
Exp20190617,50,RobotAssembly,Exp20190617-S50-001,2019-06-17 09:56:25.797000+00:00,2019-06-17 09:36:35.565000+00:00,1190.232,40602f9aa8aedfd869f7f54e2658581fe87887c6ab8be1accef1381e92c5b7e8,843b618757940fb8d95e30d027fc94b3b926f8696effe6ee2207d951c8baa6d2,Exp20190617/dump_20190617_1209_new.sql,Exp20190617/dump_20190617_1209_new.sql
Exp20190617,50,RobotAssembly,Exp20190617-S50-001,2019-06-17 09:56:25.781000+00:00,2019-06-17 09:36:35.565000+00:00,1190.216,a1cea852b63804f01cfa2daddf707690eebb3cd4067a88db5b3ec01a084c0509,843b618757940fb8d95e30d027fc94b3b926f8696effe6ee2207d951c8baa6d2,Exp20190617/dump_20190617_1209_new.sql,Exp20190617/dump_20190617_1209_new.sql
Exp20190617,50,RobotAssembly,Exp20190617-S50-001,2019-06-17 09:56:24.849000+00:00,2019-06-17 09:36:35.565000+00:00,1189.284,ce921192fc8f40617bb7add03f788bd94685208e96bd2a2ac1df8058126449b4,843b618757940fb8d95e30d027fc94b3b926f8696effe6ee2207d951c8baa6d2,Exp20190617/dump_20190617_1209_new.sql,Exp20190617/dump_20190617_1209_new.sql
Exp20190617,50,RobotAssembly,Exp20190617-S50-001,2019-06-17 09:56:24.823000+00:00,2019-06-17 09:36:35.565000+00:00,1189.258,7e805006a2130b36b25e63e3bd8a683782ca2478a1079460fe6ee10cdd217b5a,843b618757940fb8d95e30d027fc94b3b926f8696effe6ee2207d951c8baa6d2,Exp20190617/dump_20190617_1209_new.sql,Exp20190617/dump_20190617_1209_new.sql
Exp20190617,50,RobotAssembly,Exp20190617-S50-001,2019-06-17 09:56:24.773000+00:00,2019-06-17 09:36:35.565000+00:00,1189.208,6f62121ebe1c4f262467775db612c0c7243c779da9e3c38346fe3d46f2b3993e,843b618757940fb8d95e30d027fc94b3b926f8696effe6ee2207d951c8baa6d2,Exp20190617/dump_20190617_1209_new.sql,Exp20190617/dump_20190617_1209_new.sql
Exp20190617,50,RobotAssembly,Exp20190617-S50-001,2019-06-17 09:56:23.813000+00:00,2019-06-17 09:36:35.565000+00:00,1188.248,331e2e4c0cd3bc72ce2643e29d723b20868d25416b64a02d88e9bc97d147c265,843b618757940fb8d95e30d027fc94b3b926f8696effe6ee2207d951c8baa6d2,Exp20190617/dump_20190617_1209_new.sql,Exp20190617/dump_20190617_1209_new.sql
Exp20190617,50,RobotAssembly,Exp20190617-S50-001,2019-06-17 09:56:23.787000+00:00,2019-06-17 09:36:35.565000+00:00,1188.222,614487319db59b089bc0093ab6c2d7b947002bb1e899e3301611b278e9d22884,843b618757940fb8d95e30d027fc94b3b926f8696effe6ee2207d951c8baa6d2,Exp20190617/dump_20190617_1209_new.sql,Exp20190617/dump_20190617_1209_new.sql
Exp20190617,50,RobotAssembly,Exp20190617-S50-001,2019-06-17 09:56:23.756000+00:00,2019-06-17 09:36:35.565000+00:00,1188.191,a9561798294824b7c04a917659194d2112324a08ed0fe7006320118d92db818c,843b618757940fb8d95e30d027fc94b3b926f8696effe6ee2207d951c8baa6d2,Exp20190617/dump_20190617_1209_new.sql,Exp20190617/dump_20190617_1209_new.sql
Exp20190617,50,RobotAssembly,Exp20190617-S50-001,2019-06-17 09:56:22.830000+00:00,2019-06-17 09:36:35.565000+00:00,1187.265,2c60af0e188062c69f474b9e354d05aa4ec9881debfaa62181639819d7e876eb,843b618757940fb8d95e30d027fc94b3b926f8696effe6ee2207d951c8baa6d2,Exp20190617/dump_20190617_1209_new.sql,Exp20190617/dump_20190617_1209_new.sql
Exp20190617,50,RobotAssembly,Exp20190617-S50-001,2019-06-17 09:56:22.812000+00:00,2019-06-17 09:36:35.565000+00:00,1187.247,cb2c9022c29f0ce4d55470c7572104c20c64e4faaf68e7c94bef2db89a0a6767,843b618757940fb8d95e30d027fc94b3b926f8696effe6ee2207d951c8baa6d2,Exp20190617/dump_20190617_1209_new.sql,Exp20190617/dump_20190617_1209_new.sql
Exp20190617,50,RobotAssembly,Exp20190617-S50-001,2019-06-17 09:56:22.759000+00:00,2019-06-17 09:36:35.565000+00:00,1187.194,ccdfdea5e6baf34796c4cb8e97cc0a6ad8af7ed07ea67be11bc655b12a374a88,843b618757940fb8d95e30d027fc94b3b926f8696effe6ee2207d951c8baa6d2,Exp20190617/dump_20190617_1209_new.sql,Exp20190617/dump_20190617_1209_new.sql
Exp20190617,50,RobotAssembly,Exp20190617-S50-001,2019-06-17 09:56:21.892000+00:00,2019-06-17 09:36:35.565000+00:00,1186.327,19c4dbce7da0994ccba334debbb18e4ea22932eb7a11b4535249950bb43c7112,843b618757940fb8d95e30d027fc94b3b926f8696effe6ee2207d951c8baa6d2,Exp20190617/dump_20190617_1209_new.sql,Exp20190617/dump_20190617_1209_new.sql
Exp20190617,50,RobotAssembly,Exp20190617-S50-001,2019-06-17 09:56:21.830000+00:00,2019-06-17 09:36:35.565000+00:00,1186.265,4cba423281e0a511c562aede2ad32ff9af843e1b6917e59ce644d9bd269c5e2a,843b618757940fb8d95e30d027fc94b3b926f8696effe6ee2207d951c8baa6d2,Exp20190617/dump_20190617_1209_new.sql,Exp20190617/dump_20190617_1209_new.sql
Exp20190617,50,RobotAssembly,Exp20190617-S50-001,2019-06-17 09:56:21.774000+00:00,2019-06-17 09:36:35.565000+00:00,1186.209,69c5fcbd22d46bc94f9e87a90c7547af2cdc6031a3ef036718039d50218d5c11,843b618757940fb8d95e30d027fc94b3b926f8696effe6ee2207d951c8baa6d2,Exp20190617/dump_20190617_1209_new.sql,Exp20190617/dump_20190617_1209_new.sql
Exp20190617,50,RobotAssembly,Exp20190617-S50-001,2019-06-17 09:56:20.853000+00:00,2019-06-17 09:36:35.565000+00:00,1185.288,f149fd05718674a5cefebe7437ab8ec430d7f2ef067ab691d851ee69cfc7631c,843b618757940fb8d95e30d027fc94b3b926f8696effe6ee2207d951c8baa6d2,Exp20190617/dump_20190617_1209_new.sql,Exp20190617/dump_20190617_1209_new.sql
Exp20190617,50,RobotAssembly,Exp20190617-S50-001,2019-06-17 09:56:20.844000+00:00,2019-06-17 09:36:35.565000+00:00,1185.279,aa21c2e318037badf3484459816fdf40afedda90871622dd5f3e1959b5546081,843b618757940fb8d95e30d027fc94b3b926f8696effe6ee2207d951c8baa6d2,Exp20190617/dump_20190617_1209_new.sql,Exp20190617/dump_20190617_1209_new.sql
Exp20190617,50,RobotAssembly,Exp20190617-S50-001,2019-06-17 09:56:20.791000+00:00,2019-06-17 09:36:35.565000+00:00,1185.226,940a3581f0dade73d21df528c1b8f470839abe84445545868e3a26a8bc55274f,843b618757940fb8d95e30d027fc94b3b926f8696effe6ee2207d951c8baa6d2,Exp20190617/dump_20190617_1209_new.sql,Exp20190617/dump_20190617_1209_new.sql
Exp20190617,50,RobotAssembly,Exp20190617-S50-001,2019-06-17 09:56:19.847000+00:00,2019-06-17 09:36:35.565000+00:00,1184.282,79be58bfb5daf5e66ad6e9ffccb8e1d08494eafd1ae2d76c384a6ec9076b7c9e,843b618757940fb8d95e30d027fc94b3b926f8696effe6ee2207d951c8baa6d2,Exp20190617/dump_20190617_1209_new.sql,Exp20190617/dump_20190617_1209_new.sql
Exp20190617,50,RobotAssembly,Exp20190617-S50-001,2019-06-17 09:56:19.831000+00:00,2019-06-17 09:36:35.565000+00:00,1184.266,7b716d8c1007160b2fb67200d2eca0bf0eaaf5c14675fe723ad6efff3d0b808f,843b618757940fb8d95e30d027fc94b3b926f8696effe6ee2207d951c8baa6d2,Exp20190617/dump_20190617_1209_new.sql,Exp20190617/dump_20190617_1209_new.sql
Exp20190617,50,RobotAssembly,Exp20190617-S50-001,2019-06-17 09:56:19.778000+00:00,2019-06-17 09:36:35.565000+00:00,1184.213,e5e7c55a490f207b7acd0887ed16b74d0bc4e43af944247b05808e33bffffb57,843b618757940fb8d95e30d027fc94b3b926f8696effe6ee2207d951c8baa6d2,Exp20190617/dump_20190617_1209_new.sql,Exp20190617/dump_20190617_1209_new.sql
Exp20190617,50,RobotAssembly,Exp20190617-S50-001,2019-06-17 09:56:18.815000+00:00,2019-06-17 09:36:35.565000+00:00,1183.25,764c95acce5562acbddf722642ec43eceee3d0faf5e7df2d376618336830e627,843b618757940fb8d95e30d027fc94b3b926f8696effe6ee2207d951c8baa6d2,Exp20190617/dump_20190617_1209_new.sql,Exp20190617/dump_20190617_1209_new.sql
Exp20190617,50,RobotAssembly,Exp20190617-S50-001,2019-06-17 09:56:18.770000+00:00,2019-06-17 09:36:35.565000+00:00,1183.205,fd734c397a2dbdb0638d21a21acf65c6f70e7d8c5a97887304e5bd96edd03dc5,843b618757940fb8d95e30d027fc94b3b926f8696effe6ee2207d951c8baa6d2,Exp20190617/dump_20190617_1209_new.sql,Exp20190617/dump_20190617_1209_new.sql
Exp20190617,50,RobotAssembly,Exp20190617-S50-001,2019-06-17 09:56:18.753000+00:00,2019-06-17 09:36:35.565000+00:00,1183.188,4ddf695ca1712b43aaabb6d62013865132706fb3f230dd65d7d636ae8272c125,843b618757940fb8d95e30d027fc94b3b926f8696effe6ee2207d951c8baa6d2,Exp20190617/dump_20190617_1209_new.sql,Exp20190617/dump_20190617_1209_new.sql
Exp20190617,50,RobotAssembly,Exp20190617-S50-001,2019-06-17 09:56:17.804000+00:00,2019-06-17 09:36:35.565000+00:00,1182.239,82ce5e07a559085d27ae696bbc8edf5ed27355531e6a0ef5ff77dc21fa0a0ad8,843b618757940fb8d95e30d027fc94b3b926f8696effe6ee2207d951c8baa6d2,Exp20190617/dump_20190617_1209_new.sql,Exp20190617/dump_20190617_1209_new.sql
Exp20190617,50,RobotAssembly,Exp20190617-S50-001,2019-06-17 09:56:17.800000+00:00,2019-06-17 09:36:35.565000+00:00,1182.235,0ca9d8b562629b2a5e846b9457b90a90e0094e6de29b0890c8fc1abf0cb77910,843b618757940fb8d95e30d027fc94b3b926f8696effe6ee2207d951c8baa6d2,Exp20190617/dump_20190617_1209_new.sql,Exp20190617/dump_20190617_1209_new.sql
Exp20190617,50,RobotAssembly,Exp20190617-S50-001,2019-06-17 09:56:17.756000+00:00,2019-06-17 09:36:35.565000+00:00,1182.191,c22190624441d971c25ead8df79728ccb11f260a23012574f532015eebb16c0c,843b618757940fb8d95e30d027fc94b3b926f8696effe6ee2207d951c8baa6d2,Exp20190617/dump_20190617_1209_new.sql,Exp20190617/dump_20190617_1209_new.sql
Exp20190617,50,RobotAssembly,Exp20190617-S50-001,2019-06-17 09:56:16.862000+00:00,2019-06-17 09:36:35.565000+00:00,1181.297,052ed1c76e8e2fee0ced094dd1bbaff6ab0981d5d46fcaba9f7170ac01b71c66,843b618757940fb8d95e30d027fc94b3b926f8696effe6ee2207d951c8baa6d2,Exp20190617/dump_20190617_1209_new.sql,Exp20190617/dump_20190617_1209_new.sql
Exp20190617,50,RobotAssembly,Exp20190617-S50-001,2019-06-17 09:56:16.849000+00:00,2019-06-17 09:36:35.565000+00:00,1181.284,dfe581ee08d1e2e89916ef4b85ef939f62f0f989c92b70af757d11bb2718be95,843b618757940fb8d95e30d027fc94b3b926f8696effe6ee2207d951c8baa6d2,Exp20190617/dump_20190617_1209_new.sql,Exp20190617/dump_20190617_1209_new.sql
Exp20190617,50,RobotAssembly,Exp20190617-S50-001,2019-06-17 09:56:16.819000+00:00,2019-06-17 09:36:35.565000+00:00,1181.254,571c97fc6c6bccf79682665c3db4a2e044403f7f2fe46366cb480af9956cc8f9,843b618757940fb8d95e30d027fc94b3b926f8696effe6ee2207d951c8baa6d2,Exp20190617/dump_20190617_1209_new.sql,Exp20190617/dump_20190617_1209_new.sql
Exp20190617,50,RobotAssembly,Exp20190617-S50-001,2019-06-17 09:56:15.864000+00:00,2019-06-17 09:36:35.565000+00:00,1180.299,df1c8d24b0e863bf0cf0d693ded93a6839092b363aaff0a28c337574e795bfde,843b618757940fb8d95e30d027fc94b3b926f8696effe6ee2207d951c8baa6d2,Exp20190617/dump_20190617_1209_new.sql,Exp20190617/dump_20190617_1209_new.sql
Exp20190617,50,RobotAssembly,Exp20190617-S50-001,2019-06-17 09:56:15.777000+00:00,2019-06-17 09:36:35.565000+00:00,1180.212,60971ba9bbd1415f0edb6b0dc47979258069a03325880f707acc9b2eab5df6b4,843b618757940fb8d95e30d027fc94b3b926f8696effe6ee2207d951c8baa6d2,Exp20190617/dump_20190617_1209_new.sql,Exp20190617/dump_20190617_1209_new.sql
Exp20190617,50,RobotAssembly,Exp20190617-S50-001,2019-06-17 09:56:15.773000+00:00,2019-06-17 09:36:35.565000+00:00,1180.208,d8acd5cdddb2e621e1dc0db8dc21c8c6e95397c8beae3445332b2b05ebf236d8,843b618757940fb8d95e30d027fc94b3b926f8696effe6ee2207d951c8baa6d2,Exp20190617/dump_20190617_1209_new.sql,Exp20190617/dump_20190617_1209_new.sql
Exp20190617,50,RobotAssembly,Exp20190617-S50-001,2019-06-17 09:56:14.811000+00:00,2019-06-17 09:36:35.565000+00:00,1179.246,b9f5469812426c8336426bf2f71f842964de6c682c7b0615f4ef4fe067649520,843b618757940fb8d95e30d027fc94b3b926f8696effe6ee2207d951c8baa6d2,Exp20190617/dump_20190617_1209_new.sql,Exp20190617/dump_20190617_1209_new.sql
Exp20190617,50,RobotAssembly,Exp20190617-S50-001,2019-06-17 09:56:14.797000+00:00,2019-06-17 09:36:35.565000+00:00,1179.232,ed2528b2dd36dc5006b376b892b222617a4e8aca9510ca21663a84f4c2607762,843b618757940fb8d95e30d027fc94b3b926f8696effe6ee2207d951c8baa6d2,Exp20190617/dump_20190617_1209_new.sql,Exp20190617/dump_20190617_1209_new.sql
Exp20190617,50,RobotAssembly,Exp20190617-S50-001,2019-06-17 09:56:14.775000+00:00,2019-06-17 09:36:35.565000+00:00,1179.21,14373284b31a6a22509f1566cf262e7a8baf819d745513b3396de496786edd8a,843b618757940fb8d95e30d027fc94b3b926f8696effe6ee2207d951c8baa6d2,Exp20190617/dump_20190617_1209_new.sql,Exp20190617/dump_20190617_1209_new.sql
Exp20190617,50,RobotAssembly,Exp20190617-S50-001,2019-06-17 09:56:13.844000+00:00,2019-06-17 09:36:35.565000+00:00,1178.279,657b875976ec2aecfa5ab65275ed6306d8f6c8d0b307d959de7cddbb0581970c,843b618757940fb8d95e30d027fc94b3b926f8696effe6ee2207d951c8baa6d2,Exp20190617/dump_20190617_1209_new.sql,Exp20190617/dump_20190617_1209_new.sql
Exp20190617,50,RobotAssembly,Exp20190617-S50-001,2019-06-17 09:56:13.839000+00:00,2019-06-17 09:36:35.565000+00:00,1178.274,e8ea086bdfb19ef8eaa000c133893c0d2d8f4e9a5f1df22223fd47e5de45e8f0,843b618757940fb8d95e30d027fc94b3b926f8696effe6ee2207d951c8baa6d2,Exp20190617/dump_20190617_1209_new.sql,Exp20190617/dump_20190617_1209_new.sql
Exp20190617,50,RobotAssembly,Exp20190617-S50-001,2019-06-17 09:56:13.821000+00:00,2019-06-17 09:36:35.565000+00:00,1178.256,792e30c463b2cf3f59e7ca2104e77f8acfee8de480f1e48b5a929de18deee811,843b618757940fb8d95e30d027fc94b3b926f8696effe6ee2207d951c8baa6d2,Exp20190617/dump_20190617_1209_new.sql,Exp20190617/dump_20190617_1209_new.sql
Exp20190617,50,RobotAssembly,Exp20190617-S50-001,2019-06-17 09:56:12.851000+00:00,2019-06-17 09:36:35.565000+00:00,1177.286,2dbd1c3776ff68306ee059632ea01abec2c04f48650ae21713de00057ea90291,843b618757940fb8d95e30d027fc94b3b926f8696effe6ee2207d951c8baa6d2,Exp20190617/dump_20190617_1209_new.sql,Exp20190617/dump_20190617_1209_new.sql
Exp20190617,50,RobotAssembly,Exp20190617-S50-001,2019-06-17 09:56:12.777000+00:00,2019-06-17 09:36:35.565000+00:00,1177.212,953d53608f4a4d57739f321fe14bcc60949cbcc2dc598c982de52872c6a0637b,843b618757940fb8d95e30d027fc94b3b926f8696effe6ee2207d951c8baa6d2,Exp20190617/dump_20190617_1209_new.sql,Exp20190617/dump_20190617_1209_new.sql
Exp20190617,50,RobotAssembly,Exp20190617-S50-001,2019-06-17 09:56:12.752000+00:00,2019-06-17 09:36:35.565000+00:00,1177.187,6c2667561a061671808603cedc43588a9a3a98a2273b29f8e44345ff63067cbb,843b618757940fb8d95e30d027fc94b3b926f8696effe6ee2207d951c8baa6d2,Exp20190617/dump_20190617_1209_new.sql,Exp20190617/dump_20190617_1209_new.sql
Exp20190617,50,RobotAssembly,Exp20190617-S50-001,2019-06-17 09:56:11.816000+00:00,2019-06-17 09:36:35.565000+00:00,1176.251,515443af8d2a7ef050d82cc5030980b15ce26571e0c7055e6bdc29ffc4ea93c4,843b618757940fb8d95e30d027fc94b3b926f8696effe6ee2207d951c8baa6d2,Exp20190617/dump_20190617_1209_new.sql,Exp20190617/dump_20190617_1209_new.sql
Exp20190617,50,RobotAssembly,Exp20190617-S50-001,2019-06-17 09:56:11.800000+00:00,2019-06-17 09:36:35.565000+00:00,1176.235,d2dfa7f0338342796e7e82b86b01bce1265b0648fb06466a196d3125d8c2ed50,843b618757940fb8d95e30d027fc94b3b926f8696effe6ee2207d951c8baa6d2,Exp20190617/dump_20190617_1209_new.sql,Exp20190617/dump_20190617_1209_new.sql
Exp20190617,50,RobotAssembly,Exp20190617-S50-001,2019-06-17 09:56:11.788000+00:00,2019-06-17 09:36:35.565000+00:00,1176.223,891e9ef2012ec372b84e5434ef44f9680ddcd11840d1377f705f4c1f0ceaed3b,843b618757940fb8d95e30d027fc94b3b926f8696effe6ee2207d951c8baa6d2,Exp20190617/dump_20190617_1209_new.sql,Exp20190617/dump_20190617_1209_new.sql
Exp20190617,50,RobotAssembly,Exp20190617-S50-001,2019-06-17 09:56:10.859000+00:00,2019-06-17 09:36:35.565000+00:00,1175.294,a5839062cb49c50761c7b75567b3aa000cac1a743ae489d7ce25108a9a7c5ac0,843b618757940fb8d95e30d027fc94b3b926f8696effe6ee2207d951c8baa6d2,Exp20190617/dump_20190617_1209_new.sql,Exp20190617/dump_20190617_1209_new.sql
Exp20190617,50,RobotAssembly,Exp20190617-S50-001,2019-06-17 09:56:10.839000+00:00,2019-06-17 09:36:35.565000+00:00,1175.274,0ac858171e3d6ab93dd0898f9c3226803fc00eeda0539b939016a9f72e256f59,843b618757940fb8d95e30d027fc94b3b926f8696effe6ee2207d951c8baa6d2,Exp20190617/dump_20190617_1209_new.sql,Exp20190617/dump_20190617_1209_new.sql
Exp20190617,50,RobotAssembly,Exp20190617-S50-001,2019-06-17 09:56:10.816000+00:00,2019-06-17 09:36:35.565000+00:00,1175.251,764b7fa4d31797a7a9db2e676706b410de2de5649ef0661626316fbf34e4cb06,843b618757940fb8d95e30d027fc94b3b926f8696effe6ee2207d951c8baa6d2,Exp20190617/dump_20190617_1209_new.sql,Exp20190617/dump_20190617_1209_new.sql
Exp20190617,50,RobotAssembly,Exp20190617-S50-001,2019-06-17 09:56:09.853000+00:00,2019-06-17 09:36:35.565000+00:00,1174.288,1c7386fcc0551bceac5357effe7f51fa527a8f9fe7adc67471f8cfcc15d12061,843b618757940fb8d95e30d027fc94b3b926f8696effe6ee2207d951c8baa6d2,Exp20190617/dump_20190617_1209_new.sql,Exp20190617/dump_20190617_1209_new.sql
Exp20190617,50,RobotAssembly,Exp20190617-S50-001,2019-06-17 09:56:09.815000+00:00,2019-06-17 09:36:35.565000+00:00,1174.25,281d2e14f17d3354b049b9c40a46144cfb2879925ab4236ee2f0f6e86ebc1b7e,843b618757940fb8d95e30d027fc94b3b926f8696effe6ee2207d951c8baa6d2,Exp20190617/dump_20190617_1209_new.sql,Exp20190617/dump_20190617_1209_new.sql
Exp20190617,50,RobotAssembly,Exp20190617-S50-001,2019-06-17 09:56:09.758000+00:00,2019-06-17 09:36:35.565000+00:00,1174.193,0e1056739dcff451c97fc9657571610f26aa8d151eece2dd5dbb7ff10cfb0b9a,843b618757940fb8d95e30d027fc94b3b926f8696effe6ee2207d951c8baa6d2,Exp20190617/dump_20190617_1209_new.sql,Exp20190617/dump_20190617_1209_new.sql
Exp20190617,50,RobotAssembly,Exp20190617-S50-001,2019-06-17 09:56:08.837000+00:00,2019-06-17 09:36:35.565000+00:00,1173.272,e5b2e17b6c2b944cc8c633d8b9fe02aa63cef2168b75b7ce584d60b304a6d9b8,843b618757940fb8d95e30d027fc94b3b926f8696effe6ee2207d951c8baa6d2,Exp20190617/dump_20190617_1209_new.sql,Exp20190617/dump_20190617_1209_new.sql
Exp20190617,50,RobotAssembly,Exp20190617-S50-001,2019-06-17 09:56:08.808000+00:00,2019-06-17 09:36:35.565000+00:00,1173.243,56c99cd5acb68dfa41a305801b20808737d3534f830979e7c2104fec380608dc,843b618757940fb8d95e30d027fc94b3b926f8696effe6ee2207d951c8baa6d2,Exp20190617/dump_20190617_1209_new.sql,Exp20190617/dump_20190617_1209_new.sql
Exp20190617,50,RobotAssembly,Exp20190617-S50-001,2019-06-17 09:56:08.802000+00:00,2019-06-17 09:36:35.565000+00:00,1173.237,adc238e27a1f7922645dd4dcd6248f73a62a4707e29b1ad3c8c11eac850f74a2,843b618757940fb8d95e30d027fc94b3b926f8696effe6ee2207d951c8baa6d2,Exp20190617/dump_20190617_1209_new.sql,Exp20190617/dump_20190617_1209_new.sql
Exp20190617,50,RobotAssembly,Exp20190617-S50-001,2019-06-17 09:56:07.842000+00:00,2019-06-17 09:36:35.565000+00:00,1172.277,b0df35cbb8e8712163933e11034cb2c8522508e7742a4d7d878767883a18c2d3,843b618757940fb8d95e30d027fc94b3b926f8696effe6ee2207d951c8baa6d2,Exp20190617/dump_20190617_1209_new.sql,Exp20190617/dump_20190617_1209_new.sql
