experiment_id,station_id,session_id,station_name,power_rows,matched_power_rows,unmatched_power_rows,matched_percent,state_age_mean_seconds,state_age_min_seconds,state_age_p01_seconds,state_age_p10_seconds,state_age_p25_seconds,state_age_p50_seconds,state_age_p75_seconds,state_age_p90_seconds,state_age_p95_seconds,state_age_p99_seconds,state_age_max_seconds
Exp20190124,10,Exp20190124-S10-001,Manual,1839,1839,0,100.0,44.11029037520391,0.02,0.07138,1.116,11.108,37.981,69.4015,98.1068,118.0936,134.13253999999998,143.159
Exp20190124,10,Exp20190124-S10-002,Manual,23,23,0,100.0,0.7459565217391303,0.033,0.03586,0.1066,0.15,0.668,1.1185,1.6998000000000002,2.0408999999999993,2.08502,2.087
Exp20190124,10,Exp20190124-S10-003,Manual,1381,1381,0,100.0,30.134840695148444,0.021,0.1008,1.127,7.694,28.14,49.673,63.203,69.146,77.6532,82.653
Exp20190124,10,,Manual,1921,0,1921,0.0,,,,,,,,,,,
Exp20190124,20,Exp20190124-S20-001,MagazineFront,1685,1685,0,100.0,37.355699703264094,0.287,0.36536,1.3724,6.415,31.393,61.394,81.488,102.20439999999996,119.35036000000001,125.414
Exp20190124,20,Exp20190124-S20-002,MagazineFront,43,43,0,100.0,1.3863488372093022,0.03,0.0342,0.42019999999999996,0.4635,1.461,1.8595000000000002,2.835800000000002,3.3354999999999997,3.42574,3.448
Exp20190124,20,Exp20190124-S20-003,MagazineFront,890,890,0,100.0,44.36856516853933,0.014,0.39967,1.4093,8.47925,35.9875,65.67125,110.12210000000002,132.9961,150.89576,154.955
Exp20190124,20,,MagazineFront,2268,0,2268,0.0,,,,,,,,,,,
Exp20190124,30,Exp20190124-S30-001,DrillingCPS,2198,2198,0,100.0,40.744326205641485,0.136,0.22494,1.2674,9.21675,34.792,62.8245,94.261,112.303,133.27109,140.302
Exp20190124,30,Exp20190124-S30-002,DrillingCPS,1760,1760,0,100.0,59.49721647727272,0.209,0.27,1.7476,14.3455,51.373,100.31875,130.28140000000002,139.36794999999998,149.31515000000002,153.31
Exp20190124,30,,DrillingCPS,3285,0,3285,0.0,,,,,,,,,,,
Exp20190124,50,Exp20190124-S50-001,RobotAssembly,1230,1230,0,100.0,70.14305853658537,0.225,0.36045,12.266600000000002,32.86175,67.3925,104.39525,135.48310000000006,145.86665,153.84923,156.878
Exp20190124,50,Exp20190124-S50-002,RobotAssembly,1513,1513,0,100.0,82.43359947124918,0.325,0.39948,15.349,40.393,82.375,124.409,149.44539999999998,158.35999999999999,167.36332000000002,170.449
Exp20190124,50,,RobotAssembly,4453,0,4453,0.0,,,,,,,,,,,
Exp20190124,60,Exp20190124-S60-001,CameraInspection,1639,1639,0,100.0,68.61555521659548,0.002,0.07633999999999995,1.5078,15.549,51.003,102.7305,171.9966,210.1775999999999,239.9476,246.977
Exp20190124,60,Exp20190124-S60-002,CameraInspection,1157,1157,0,100.0,54.80933707865169,0.0,0.013,1.0358,14.011,44.972,90.056,125.016,138.9882,150.01484,155.042
Exp20190124,60,,CameraInspection,2397,0,2397,0.0,,,,,,,,,,,
Exp20190124,70,Exp20190124-S70-001,MagazineBack,1546,1546,0,100.0,66.27023285899094,0.001,0.023250000000000007,1.0514999999999999,10.649,47.548500000000004,100.41875,173.53750000000002,211.26725,242.09584999999996,249.535
Exp20190124,70,Exp20190124-S70-002,MagazineBack,1128,1128,0,100.0,52.147875,0.007,0.03235,1.0712,9.12675,43.0805,87.0745,122.0609,134.86674999999994,147.26499,151.605
Exp20190124,70,,MagazineBack,2369,0,2369,0.0,,,,,,,,,,,
Exp20190124,80,Exp20190124-S80-001,Press,1782,1782,0,100.0,69.41163916947251,0.002,0.015,1.3898000000000001,11.63675,49.019999999999996,105.06649999999999,186.4534,221.38099999999983,250.47171,256.462
Exp20190124,80,Exp20190124-S80-002,Press,1312,1312,0,100.0,51.13683003048781,0.001,0.025,1.0163,9.54625,43.4925,83.4975,119.5064,133.4854,144.51345,148.568
Exp20190124,80,,Press,2468,0,2468,0.0,,,,,,,,,,,
Exp20190320,10,Exp20190320-S10-001,Manual,1676,1676,0,100.0,91.85160381861576,0.158,0.2515,2.3415,21.33475,69.791,156.44075,215.5485,234.305,260.28825,267.445
Exp20190320,10,Exp20190320-S10-002,Manual,42,42,0,100.0,3.0661904761904757,0.274,0.27482,0.348,0.7705,2.2634999999999996,4.3157499999999995,7.2847,8.33085,9.30162,9.309
Exp20190320,10,Exp20190320-S10-003,Manual,1176,1176,0,100.0,54.94404421768707,0.189,0.30425,1.7285,14.79425,45.3875,89.36,128.872,142.36875,157.325,162.339
Exp20190320,10,,Manual,10396,0,10396,0.0,,,,,,,,,,,
Exp20190320,20,Exp20190320-S20-001,MagazineFront,1138,1138,0,100.0,57.22497451669596,0.001,0.012740000000000003,0.9413999999999999,2.92725,14.454,103.529,188.83530000000007,217.52075,240.1412599999999,245.507
Exp20190320,20,Exp20190320-S20-002,MagazineFront,98,98,0,100.0,8.91154081632653,0.05,0.08298,0.4854,1.38275,3.9915000000000003,16.21875,23.775799999999997,26.4315,28.44548,28.461
Exp20190320,20,Exp20190320-S20-003,MagazineFront,892,892,0,100.0,56.14505829596413,0.005,0.03691,1.0468000000000002,11.09375,48.033,95.0825,128.95579999999998,140.0676,151.10816,155.071
Exp20190320,20,,MagazineFront,10978,0,10978,0.0,,,,,,,,,,,
Exp20190320,30,Exp20190320-S30-001,DrillingCPS,845,845,0,100.0,104.61884142011836,0.02,0.08875999999999999,1.633,30.639,101.659,172.611,214.593,228.6392,240.16583999999995,242.657
Exp20190320,30,Exp20190320-S30-002,DrillingCPS,61,61,0,100.0,1.5274426229508198,0.012,0.0222,0.102,0.588,1.083,2.08,4.07,5.068,6.1044,6.111
Exp20190320,30,Exp20190320-S30-003,DrillingCPS,827,827,0,100.0,49.9834776299879,0.118,0.14656,1.137,5.221500000000001,39.167,84.2555,125.61659999999998,139.86949999999993,150.91148,153.235
Exp20190320,30,,DrillingCPS,17947,0,17947,0.0,,,,,,,,,,,
Exp20190320,60,Exp20190320-S60-001,CameraInspection,590,590,0,100.0,109.45029322033898,0.269,0.31912,1.8618000000000001,38.29575,105.822,176.36124999999998,219.44940000000003,232.85444999999996,244.45604,247.331
Exp20190320,60,Exp20190320-S60-002,CameraInspection,29,29,0,100.0,1.0634137931034482,0.304,0.30848,0.3428,0.369,0.927,1.419,2.3684,2.3784,2.40128,2.408
Exp20190320,60,Exp20190320-S60-003,CameraInspection,610,610,0,100.0,54.14831639344262,0.004,0.016,1.003,12.94525,46.0345,88.05799999999999,126.97229999999999,139.9994,149.9832,153.016
Exp20190320,60,,CameraInspection,12083,0,12083,0.0,,,,,,,,,,,
Exp20190320,70,Exp20190320-S70-001,MagazineBack,571,571,0,100.0,104.51550963222417,0.08,0.1178,1.622,30.142,101.203,172.70850000000002,214.179,228.673,240.47869999999995,243.175
Exp20190320,70,Exp20190320-S70-002,MagazineBack,42,42,0,100.0,1.3030238095238096,0.131,0.13305,0.1493,0.325,1.1760000000000002,2.194,2.5709999999999993,3.1597499999999976,3.20336,3.205
Exp20190320,70,Exp20190320-S70-003,MagazineBack,573,573,0,100.0,48.55225654450262,0.127,0.19532,1.1546,3.737,38.861,79.839,120.63920000000007,134.7972,146.09171999999998,148.817
Exp20190320,70,,MagazineBack,11958,0,11958,0.0,,,,,,,,,,,
Exp20190320,80,Exp20190320-S80-001,Press,660,660,0,100.0,102.39840606060606,0.008,0.03498,1.5657,29.810000000000002,98.6075,169.00775,212.0224,226.98525,238.04622999999998,240.055
Exp20190320,80,Exp20190320-S80-002,Press,49,49,0,100.0,1.5617959183673467,0.013,0.01396,0.0408,0.52,1.036,1.994,4.141000000000003,5.551199999999994,5.96608,5.968
Exp20190320,80,Exp20190320-S80-003,Press,682,682,0,100.0,48.45414076246335,0.011,0.08843,1.0536,5.10875,39.3565,79.16175000000001,120.1485,134.06749999999994,144.2059,146.142
Exp20190320,80,,Press,12266,0,12266,0.0,,,,,,,,,,,
Exp20190416,10,Exp20190416-S10-001,Manual,1002,1002,0,100.0,29.843217564870262,0.169,0.245,0.8254,6.78925,26.275,50.276,65.32379999999999,71.27879999999999,80.33748999999999,83.374
Exp20190416,10,Exp20190416-S10-002,Manual,8493,8493,0,100.0,10.988442011067939,0.006,0.19492,0.28,0.783,2.795,18.28,33.7302,41.73199999999999,56.2984,72.951
Exp20190416,10,Exp20190416-S10-003,Manual,30414,30414,0,100.0,90.08012504109949,0.001,0.29813,1.3223000000000003,15.888,67.316,152.84699999999998,210.31140000000002,229.36909999999997,298.78102999999993,818.755
Exp20190416,10,,Manual,1149,0,1149,0.0,,,,,,,,,,,
Exp20190416,20,Exp20190416-S20-001,MagazineFront,836,836,0,100.0,32.22015071770335,0.154,0.27035000000000003,0.8775,6.7035,28.104,53.8585,69.33850000000001,78.43975,91.3386,95.36
Exp20190416,20,Exp20190416-S20-002,MagazineFront,7446,7446,0,100.0,11.295943325275317,0.0,0.278,0.363,0.8252499999999999,2.395,19.32825,34.775999999999996,42.885999999999996,55.86225000000001,70.431
Exp20190416,20,Exp20190416-S20-003,MagazineFront,25,25,0,100.0,0.7794800000000001,0.009,0.01884,0.057,0.097,0.532,1.116,1.5904,2.364799999999997,2.56284,2.565
Exp20190416,20,Exp20190416-S20-004,MagazineFront,22162,22162,0,100.0,117.84473386878439,0.003,0.27461,5.906999999999999,42.1815,107.391,182.21699999999998,228.9224,259.4578,348.51822999999985,659.735
Exp20190416,20,,MagazineFront,1576,0,1576,0.0,,,,,,,,,,,
Exp20190416,30,Exp20190416-S30-001,DrillingCPS,1110,1110,0,100.0,55.218718018018016,0.056,0.09918,1.6538,15.197,43.643,78.635,137.18900000000002,158.15314999999998,173.08926000000008,176.188
Exp20190416,30,Exp20190416-S30-002,DrillingCPS,10222,10222,0,100.0,11.797442183525728,0.001,0.21121,0.33,0.862,3.3025,19.92875,34.926899999999996,42.88769999999999,54.39026999999999,66.422
Exp20190416,30,Exp20190416-S30-003,DrillingCPS,40437,40437,0,100.0,107.2051161065361,0.0,0.162,1.36,18.161,79.122,171.866,230.269,278.4109999999999,606.7272,880.422
Exp20190416,30,,DrillingCPS,2410,0,2410,0.0,,,,,,,,,,,
Exp20190416,50,Exp20190416-S50-001,RobotAssembly,31320,31320,0,100.0,166.26067605363986,0.0,1.436,28.4358,73.15225,148.1535,224.02249999999998,289.9707,351.99604999999997,767.7280100000012,877.067
Exp20190416,50,,RobotAssembly,23586,0,23586,0.0,,,,,,,,,,,
Exp20190416,60,Exp20190416-S60-001,CameraInspection,609,609,0,100.0,65.4226683087028,0.14,0.23631999999999997,1.7282000000000002,19.233,56.34,103.884,148.02080000000004,163.44200000000004,172.89092,175.907
Exp20190416,60,Exp20190416-S60-002,CameraInspection,8440,8440,0,100.0,8.511684123222748,0.003,0.13039,0.216,0.705,1.721,13.716249999999999,28.178400000000003,35.24744999999999,44.760860000000015,54.25
Exp20190416,60,Exp20190416-S60-003,CameraInspection,29854,29854,0,100.0,107.39940326254437,0.0,0.023,1.01,16.57425,80.12700000000001,168.72,228.64440000000002,268.5189,722.698610000001,864.278
Exp20190416,60,,CameraInspection,2323,0,2323,0.0,,,,,,,,,,,
Exp20190416,70,Exp20190416-S70-001,MagazineBack,594,594,0,100.0,63.95731481481482,0.002,0.01593,1.4982,18.56025,55.5325,101.14075,145.76020000000003,160.48200000000003,172.17294000000004,175.138
Exp20190416,70,Exp20190416-S70-002,MagazineBack,7423,7423,0,100.0,8.353776370739592,0.019,0.172,0.255,0.73,1.835,12.7965,27.707,35.194599999999994,44.756339999999994,55.267
Exp20190416,70,Exp20190416-S70-003,MagazineBack,27976,27976,0,100.0,107.51428545896482,0.006,0.091,1.133,15.09075,80.10900000000001,168.589,226.634,269.0815,722.265,861.268
Exp20190416,70,,MagazineBack,2260,0,2260,0.0,,,,,,,,,,,
Exp20190416,80,Exp20190416-S80-001,Press,649,649,0,100.0,64.7692434514638,0.071,0.15036,1.6408,18.722,55.716,105.191,148.2878,161.9152,173.25423999999998,175.279
Exp20190416,80,Exp20190416-S80-002,Press,10223,10223,0,100.0,8.4150050865695,0.0,0.022,0.11,0.593,1.645,13.630500000000001,27.6798,35.0248,44.52568000000001,54.14
Exp20190416,80,Exp20190416-S80-003,Press,40534,40534,0,100.0,109.2690963882173,0.0,0.092,1.139,17.08625,81.845,168.872,226.3297,272.8284,725.1278299999999,857.985
Exp20190416,80,,Press,2800,0,2800,0.0,,,,,,,,,,,
Exp20190514,10,Exp20190514-S10-001,Manual,3586,3586,0,100.0,93.55748522030117,0.001,0.15685,2.2279999999999998,28.1765,77.8485,157.19925,206.7815,222.26475,235.36645000000004,241.823
Exp20190514,10,Exp20190514-S10-002,Manual,20241,20241,0,100.0,111.81631327503581,0.091,0.2574,8.195,41.327,102.871,176.809,225.374,245.417,298.76559999999995,346.719
Exp20190514,10,,Manual,2174,0,2174,0.0,,,,,,,,,,,
Exp20190514,20,Exp20190514-S20-001,MagazineFront,2957,2957,0,100.0,156.53333378424077,0.002,0.39868000000000003,3.9666,54.01,146.97,239.959,321.2556,366.0666,425.11916,440.157
Exp20190514,20,Exp20190514-S20-002,MagazineFront,6912,6912,0,100.0,118.79009852430556,0.001,0.07617999999999997,4.9703,41.9805,109.043,183.0145,230.49880000000002,277.512,381.53459000000004,417.517
Exp20190514,20,Exp20190514-S20-003,MagazineFront,11368,11368,0,100.0,133.71591634412385,0.0,0.084,7.588100000000001,48.14475,121.0575,208.6,262.7515000000004,312.1447,396.11495,428.127
Exp20190514,20,,MagazineFront,3837,0,3837,0.0,,,,,,,,,,,
Exp20190514,30,Exp20190514-S30-001,DrillingCPS,3588,3588,0,100.0,155.1360128205128,0.002,0.08034999999999999,5.491900000000002,58.6005,143.3985,237.6805,313.66200000000003,358.80299999999966,423.25507999999996,437.307
Exp20190514,30,Exp20190514-S30-002,DrillingCPS,8615,8615,0,100.0,128.79557330237958,0.0,0.108,6.035400000000003,49.576,116.621,192.161,258.10540000000003,310.3075999999996,396.12478,415.164
Exp20190514,30,Exp20190514-S30-003,DrillingCPS,13743,13743,0,100.0,135.13878163428654,0.049,0.214,6.744200000000001,50.235,122.274,207.26350000000002,270.18240000000003,323.2281,397.97281999999996,425.8
Exp20190514,30,,DrillingCPS,4936,0,4936,0.0,,,,,,,,,,,
Exp20190514,50,Exp20190514-S50-001,RobotAssembly,15956,15956,0,100.0,171.63842310102783,0.051,1.8391000000000002,31.8545,81.85425000000001,165.428,249.374,319.35749999999996,367.8335,420.97450000000003,444.4
Exp20190514,50,,RobotAssembly,1423,0,1423,0.0,,,,,,,,,,,
Exp20190514,60,Exp20190514-S60-001,CameraInspection,3106,3106,0,100.0,143.99696136509982,0.109,0.2621,10.788,53.298500000000004,136.60500000000002,227.35725,289.44000000000005,314.39625,343.49219999999997,355.56
Exp20190514,60,Exp20190514-S60-002,CameraInspection,7555,7555,0,100.0,140.04890311052284,0.204,0.346,13.863000000000001,57.841499999999996,131.801,207.8355,271.8804,323.8683,396.82222,418.894
Exp20190514,60,Exp20190514-S60-003,CameraInspection,11571,11571,0,100.0,147.09410837438423,0.001,0.415,14.065,57.0065,136.466,224.96300000000002,288.538,340.992,405.16039999999975,431.022
Exp20190514,60,,CameraInspection,4405,0,4405,0.0,,,,,,,,,,,
Exp20190514,70,Exp20190514-S70-001,MagazineBack,2976,2976,0,100.0,140.26259610215055,0.002,0.10149999999999999,4.1135,49.121249999999996,132.166,224.2225,285.7145,310.2645,340.20725,352.317
Exp20190514,70,Exp20190514-S70-002,MagazineBack,7220,7220,0,100.0,136.5295574792244,0.017,0.195,8.138300000000003,53.253750000000004,128.66500000000002,203.711,267.7508,321.21569999999963,392.5616399999997,414.752
Exp20190514,70,Exp20190514-S70-003,MagazineBack,11120,11120,0,100.0,144.13555701438847,0.009,0.32719000000000004,9.248800000000001,53.71025,134.83749999999998,221.30975,285.749,337.70424999999994,400.76583,426.849
Exp20190514,70,,MagazineBack,3908,0,3908,0.0,,,,,,,,,,,
Exp20190514,80,Exp20190514-S80-001,Press,3292,3292,0,100.0,141.42347600243014,0.0,0.041,4.923800000000001,50.5945,136.6135,225.65349999999998,284.7354,308.4346499999999,338.2677500000001,348.761
Exp20190514,80,Exp20190514-S80-002,Press,8416,8416,0,100.0,137.79436787072243,0.012,0.131,8.624500000000001,55.624,131.107,205.06325,268.0905,321.09425,391.64390000000003,410.66
Exp20190514,80,Exp20190514-S80-003,Press,12952,12952,0,100.0,140.68181060840027,0.071,0.24,8.298700000000006,51.79025,131.38,216.683,274.77919999999995,333.2947499999999,398.70158999999995,423.822
Exp20190514,80,,Press,4176,0,4176,0.0,,,,,,,,,,,
Exp20190617,10,Exp20190617-S10-001,Manual,15685,15685,0,100.0,127.59805176920626,0.001,0.069,2.601,30.12,101.18,194.075,292.01460000000003,373.06899999999996,488.21623999999986,571.07
Exp20190617,10,Exp20190617-S10-002,Manual,2951,2951,0,100.0,95.38703422568622,0.158,0.2365,7.704,31.179,78.242,156.723,209.226,225.719,244.4845,252.28
Exp20190617,10,,Manual,1754,0,1754,0.0,,,,,,,,,,,
Exp20190617,20,Exp20190617-S20-001,MagazineFront,13919,13919,0,100.0,201.24131704863856,0.0,0.07418000000000001,3.4316000000000013,55.036500000000004,163.44,301.919,449.1218,565.9701999999999,741.7751799999998,812.016
Exp20190617,20,Exp20190617-S20-002,MagazineFront,2783,2783,0,100.0,161.28737765001796,0.104,0.21045999999999998,7.1696,48.7375,140.743,257.946,341.74780000000004,403.5698000000001,458.9098399999998,472.763
Exp20190617,20,,MagazineFront,2727,0,2727,0.0,,,,,,,,,,,
Exp20190617,30,Exp20190617-S30-001,DrillingCPS,15542,15542,0,100.0,190.6372749967829,0.018,0.228,3.715700000000001,50.7825,150.835,286.26425,434.71799999999996,531.8836999999999,727.77963,802.821
Exp20190617,30,Exp20190617-S30-002,DrillingCPS,3639,3639,0,100.0,147.79799422918387,0.0,0.3944000000000001,8.0394,48.0255,125.996,231.735,316.11920000000015,370.97499999999997,443.5870199999999,458.997
Exp20190617,30,,DrillingCPS,2388,0,2388,0.0,,,,,,,,,,,
Exp20190617,50,Exp20190617-S50-001,RobotAssembly,20193,20193,0,100.0,351.18714579309665,0.062,0.7832000000000002,35.7104,107.787,245.769,540.174,856.0669999999996,969.8429999999987,1138.2236799999998,1205.278
Exp20190617,50,Exp20190617-S50-002,RobotAssembly,2930,2930,0,100.0,163.87687372013653,0.001,1.4733200000000002,30.9541,79.94475,161.469,244.29125,296.5509,323.50614999999976,362.68960000000004,371.967
Exp20190617,50,,RobotAssembly,5025,0,5025,0.0,,,,,,,,,,,
Exp20190617,60,Exp20190617-S60-001,CameraInspection,15397,15397,0,100.0,240.72721848412027,0.0,0.368,6.4166,43.372,151.937,353.914,682.8658,809.0365999999997,920.92512,972.941
Exp20190617,60,Exp20190617-S60-002,CameraInspection,3217,3217,0,100.0,138.04251165682314,0.085,0.171,9.6816,46.232,126.162,222.197,285.1406,312.1648,351.15236,366.189
Exp20190617,60,,CameraInspection,1897,0,1897,0.0,,,,,,,,,,,
Exp20190617,70,Exp20190617-S70-001,MagazineBack,14678,14678,0,100.0,238.1646680065404,0.011,0.209,2.8011000000000004,42.1315,152.21800000000002,353.282,672.017,795.70875,914.6266299999999,968.672
Exp20190617,70,Exp20190617-S70-002,MagazineBack,3149,3149,0,100.0,134.32660844712606,0.003,0.39812000000000003,6.027200000000001,43.55,120.935,218.933,280.9518,306.9678,347.49451999999997,362.967
Exp20190617,70,,MagazineBack,1846,0,1846,0.0,,,,,,,,,,,
Exp20190617,80,Exp20190617-S80-001,Press,16385,16385,0,100.0,214.32242935611836,0.028,0.241,2.8284000000000002,36.804,135.82,309.775,611.0342,731.0679999999999,860.2921600000001,920.349
Exp20190617,80,Exp20190617-S80-002,Press,3405,3405,0,100.0,135.32130220264318,0.001,0.047,6.0064,45.064,124.57,218.472,277.81719999999996,302.5128,346.5268,359.52
Exp20190617,80,,Press,1954,0,1954,0.0,,,,,,,,,,,
