relative_path,experiment,name,extension,size_bytes,sha256,detected_format,encoding,role,interpretation_confidence,role_note,line_count,record_count,timestamp_start_utc,timestamp_end_utc,delimiter,headers,schema_or_sheets,quality_notes
Exp20190124/dump_20190124_1035.sql,Exp20190124,dump_20190124_1035.sql,.sql,1537450,b048593408326e31e7e7f4c00add4d1ff7efb032479c43308a96896313822dd9,PostgreSQL plain-text dump,ascii,database snapshot containing power and PLC/MES tables,confirmed,PostgreSQL COPY dump,23075,22885,2019-01-24T09:13:21.693000Z,2019-01-24T09:35:54.584000Z,PostgreSQL COPY (tab),"tblMachineReport:[""ResourceID"",""timeStamp"",""Busy"",""RFIDTagPresent"",""Done""]; tblOperationLog:[""ResourceID"",""timeStamp"",""Busy"",""RFIDTagPresent"",""Done"",""StationEntryxBG5"",""ReadyAtStationxBG1"",""DoneWorkingxBG9"",""StationExitxBG6"",""OperationNo"",""WorkPlanNo"",""OrderNo"",""StepNo"",""CarrierID"",""iResourceID"",""OrderPosition"",""PartNumber""]; tblPowerLog:[""ResourceID"",""timeStamp"",""ActivePowerL1"",""Flow"",""Pressure""]; tblSensorsLog:[""ResourceID"",""timeStamp"",""StationEntryxBG5"",""ReadyAtStationxBG1"",""DoneWorkingxBG9"",""StationExitxBG6""]",polimi,tables with zero rows and cumulative snapshots must be handled explicitly
Exp20190124/dump_20190124_1102.sql,Exp20190124,dump_20190124_1102.sql,.sql,1254138,9704224034b13b6b6e6c2c07b7e7b7edd4a594addbd0bbc1c02468e43edb7544,PostgreSQL plain-text dump,ascii,database snapshot containing power and PLC/MES tables,confirmed,PostgreSQL COPY dump,18798,18608,2019-01-24T09:44:31.301000Z,2019-01-24T10:02:33.406000Z,PostgreSQL COPY (tab),"tblMachineReport:[""ResourceID"",""timeStamp"",""Busy"",""RFIDTagPresent"",""Done""]; tblOperationLog:[""ResourceID"",""timeStamp"",""Busy"",""RFIDTagPresent"",""Done"",""StationEntryxBG5"",""ReadyAtStationxBG1"",""DoneWorkingxBG9"",""StationExitxBG6"",""OperationNo"",""WorkPlanNo"",""OrderNo"",""StepNo"",""CarrierID"",""iResourceID"",""OrderPosition"",""PartNumber""]; tblPowerLog:[""ResourceID"",""timeStamp"",""ActivePowerL1"",""Flow"",""Pressure""]; tblSensorsLog:[""ResourceID"",""timeStamp"",""StationEntryxBG5"",""ReadyAtStationxBG1"",""DoneWorkingxBG9"",""StationExitxBG6""]",polimi,tables with zero rows and cumulative snapshots must be handled explicitly
Exp20190320/DataLogger20190320_4154_1641.xlsx,Exp20190320,DataLogger20190320_4154_1641.xlsx,.xlsx,10739,e7af9ef66d07ebd058026977ad45afc56075c5d029674c5f2d652bb953555674,Excel OOXML workbook,binary OOXML,OPC UA data logger workbook,probable,workbook semantics require confirmation,,10,2019-03-20T14:41:41.335000Z,2019-03-20T15:00:48.830000Z,OOXML,inspection limited to OOXML metadata/sample values,"[""DataLogger""]",artifact-tool unavailable; formulas counted but not recalculated or visually validated
Exp20190320/PerformanceMonitorServerElab4155memoccupied.png,Exp20190320,PerformanceMonitorServerElab4155memoccupied.png,.png,247209,1ffb8ff7dce2f69db6d93d850830fcecc60e12ffa677316bf2f8a4f081e76b1d,PNG screenshot,binary,system-performance screenshot,confirmed,"contextual evidence, not a tabular measurement source",,1,,,binary PNG,,1680x1050,contextual screenshot; values cannot be treated as machine-readable measurements
Exp20190320/PerformanceMonitorServerElab4155processor.png,Exp20190320,PerformanceMonitorServerElab4155processor.png,.png,217668,7ef42d6f13484eda1b296a9937fee696d7c94259de523d671496cc36f183cd08,PNG screenshot,binary,system-performance screenshot,confirmed,"contextual evidence, not a tabular measurement source",,1,,,binary PNG,,1680x1050,contextual screenshot; values cannot be treated as machine-readable measurements
Exp20190320/PerformanceMonitorServerNoproc.png,Exp20190320,PerformanceMonitorServerNoproc.png,.png,251352,142355a83e854e9d6bcde2f15e04ad0118285cafa55b65341057738fcd1ed845,PNG screenshot,binary,system-performance screenshot,confirmed,"contextual evidence, not a tabular measurement source",,1,,,binary PNG,,1680x1050,contextual screenshot; values cannot be treated as machine-readable measurements
Exp20190320/UI4155.png,Exp20190320,UI4155.png,.png,156130,a8dabfcdf5da1c0daf2747fb36e43d5593055b3e44cf050da2093d4a93b0c6e2,PNG screenshot,binary,Node-RED energy-dashboard screenshot,confirmed,contextual validation of drill-station power profile,,1,,,binary PNG,,1680x1050,contextual screenshot; values cannot be treated as machine-readable measurements
Exp20190320/dump_20190320_1641.sql,Exp20190320,dump_20190320_1641.sql,.sql,3758881,7af1331c55f35d2f228b2d05e97b6d6100d13fee80e138af0d14042a9a1d4f7c,PostgreSQL plain-text dump,ascii,database snapshot containing power and PLC/MES tables,confirmed,PostgreSQL COPY dump,57996,57806,2019-03-20T14:26:46.988000Z,2019-03-20T15:41:12.810000Z,PostgreSQL COPY (tab),"tblMachineReport:[""ResourceID"",""timeStamp"",""Busy"",""RFIDTagPresent"",""Done""]; tblOperationLog:[""ResourceID"",""timeStamp"",""Busy"",""RFIDTagPresent"",""Done"",""StationEntryxBG5"",""ReadyAtStationxBG1"",""DoneWorkingxBG9"",""StationExitxBG6"",""OperationNo"",""WorkPlanNo"",""OrderNo"",""StepNo"",""CarrierID"",""iResourceID"",""OrderPosition"",""PartNumber""]; tblPowerLog:[""ResourceID"",""timeStamp"",""ActivePowerL1"",""Flow"",""Pressure""]; tblSensorsLog:[""ResourceID"",""timeStamp"",""StationEntryxBG5"",""ReadyAtStationxBG1"",""DoneWorkingxBG9"",""StationExitxBG6""]",polimi,tables with zero rows and cumulative snapshots must be handled explicitly
Exp20190320/dump_20190320_1718.sql,Exp20190320,dump_20190320_1718.sql,.sql,5654978,6c0b4b17756a259bc65b95f4009e0229b3905b022d9acdf1417a6762138db5f6,PostgreSQL plain-text dump,ascii,database snapshot containing power and PLC/MES tables,confirmed,PostgreSQL COPY dump,87106,86916,2019-03-20T14:26:46.988000Z,2019-03-20T16:18:08.318000Z,PostgreSQL COPY (tab),"tblMachineReport:[""ResourceID"",""timeStamp"",""Busy"",""RFIDTagPresent"",""Done""]; tblOperationLog:[""ResourceID"",""timeStamp"",""Busy"",""RFIDTagPresent"",""Done"",""StationEntryxBG5"",""ReadyAtStationxBG1"",""DoneWorkingxBG9"",""StationExitxBG6"",""OperationNo"",""WorkPlanNo"",""OrderNo"",""StepNo"",""CarrierID"",""iResourceID"",""OrderPosition"",""PartNumber""]; tblPowerLog:[""ResourceID"",""timeStamp"",""ActivePowerL1"",""Flow"",""Pressure""]; tblSensorsLog:[""ResourceID"",""timeStamp"",""StationEntryxBG5"",""ReadyAtStationxBG1"",""DoneWorkingxBG9"",""StationExitxBG6""]",polimi,tables with zero rows and cumulative snapshots must be handled explicitly
Exp20190320/dump_20190320_1718_new.sql,Exp20190320,dump_20190320_1718_new.sql,.sql,5655009,f51e0a4a54d5e993e1e6664b3c931c466b82985a19c97bc3ade50455eb1cf4b1,PostgreSQL plain-text dump,ascii,database snapshot containing power and PLC/MES tables,confirmed,PostgreSQL COPY dump,87106,86916,2019-03-20T14:26:46.988000Z,2019-03-20T16:18:08.318000Z,PostgreSQL COPY (tab),"tblMachineReport:[""ResourceID"",""timeStamp"",""Busy"",""RFIDTagPresent"",""Done""]; tblOperationLog:[""ResourceID"",""timeStamp"",""Busy"",""RFIDTagPresent"",""Done"",""StationEntryxBG5"",""ReadyAtStationxBG1"",""DoneWorkingxBG9"",""StationExitxBG6"",""OperationNo"",""WorkPlanNo"",""OrderNo"",""StepNo"",""CarrierID"",""iResourceID"",""OrderPosition"",""PartNumber""]; tblPowerLog:[""ResourceID"",""timeStamp"",""ActivePowerL1"",""Flow"",""Pressure""]; tblSensorsLog:[""ResourceID"",""timeStamp"",""StationEntryxBG5"",""ReadyAtStationxBG1"",""DoneWorkingxBG9"",""StationExitxBG6""]",polimi1,tables with zero rows and cumulative snapshots must be handled explicitly
Exp20190320/dump_20190320_4154 (2).txt,Exp20190320,dump_20190320_4154 (2).txt,.txt,3916,b3ea5188ddd14ae01f6c9386c4d5059aaca7ad53be5020a875f29528603afba0,event/debug text log,ascii,OPC UA / Node-RED sensor event log,probable,sensor/topic semantics require confirmation,34,34,2019-03-20T14:50:39.379000Z,2019-03-20T14:59:48.975000Z,JSON Lines,"[""T14"",""order"",""sensor"",""timestamp"",""timestampms"",""topic""]","{""Res 30 line1"":24,""Res 30 line2"":10}","{""duplicate_events"":0,""sampling_interval_ms"":{""median_ms"":205.5,""p10_ms"":201,""p90_ms"":1525}}"
Exp20190320/probe1_20190320_4154_1641.txt,Exp20190320,probe1_20190320_4154_1641.txt,.txt,6344,5e80571fdad69924a96e5534bd6fde90bc97970d29b93e97a8c711ed0c5972a8,event/debug text log,ascii,OPC UA / Node-RED sensor event log,probable,sensor/topic semantics require confirmation,104,34,2019-03-20T14:50:39.379000Z,2019-03-20T14:59:48.975000Z,Node-RED multiline log,"[""T14"",""order"",""sensor"",""timestamp"",""timestampms"",""topic""]","{""Res 30 line1"":24,""Res 30 line2"":10}","{""duplicate_events"":0,""sampling_interval_ms"":{""median_ms"":205.5,""p10_ms"":201,""p90_ms"":1525}}"
Exp20190320/probe1_20190320_4155_1718.txt,Exp20190320,probe1_20190320_4155_1718.txt,.txt,3423,182834d5ea10a20f9e5c0f8350638eb58a4ad820d0996b17f410bb159518a07f,event/debug text log,ascii,OPC UA / Node-RED sensor event log,probable,sensor/topic semantics require confirmation,56,18,2019-03-20T16:06:18.793000Z,2019-03-20T16:09:13.740000Z,Node-RED multiline log,"[""T16"",""order"",""sensor"",""timestamp"",""timestampms"",""topic""]","{""Res 30 line1"":13,""Res 30 line2"":5}","{""duplicate_events"":0,""sampling_interval_ms"":{""median_ms"":218.0,""p10_ms"":201,""p90_ms"":524}}"
Exp20190320/query_20190320_1641.txt,Exp20190320,query_20190320_1641.txt,.txt,7692339,38a885b859e78217434d107fa71fe8e4552a3d8200cab629d512d2976a3c0ed5,delimited text export,ascii,sparse union-style export of power and operation/PLC events,probable,not a time-fused table; requires original query confirmation,57839,57835,2019-03-20T14:26:46.988000Z,2019-03-20T15:41:15.240000Z,|,"[""dateandtime"",""id"",""prs"",""flw"",""pwr"",""bsy"",""rfd"",""dne"",""inp"",""wrk"",""out"",""ord"",""pno"",""car"",""wpl"",""stp"",""opn"",""prt""]",flat export,"{""missing_by_column"":{""bsy"":57728,""rfd"":57581,""dne"":57527,""inp"":57808,""wrk"":57612,""out"":57809,""ord"":57430,""pno"":57430,""car"":57430,""wpl"":57835,""stp"":57835,""opn"":57430,""prt"":57430,""prs"":405,""flw"":405,""pwr"":405},""duplicate_rows"":0,""sampling_interval_ms"":{""median_ms"":83,""p10_ms"":8,""p90_ms"":992}}"
Exp20190320/query_20190320_1718.txt,Exp20190320,query_20190320_1718.txt,.txt,11564235,69e1d63574cfa75d9646d02d0167b22dc6ff2843c0d09e0a6f814eeeb9074278,delimited text export,ascii,sparse union-style export of power and operation/PLC events,probable,not a time-fused table; requires original query confirmation,86951,86947,2019-03-20T14:26:46.988000Z,2019-03-20T16:18:10.719000Z,|,"[""dateandtime"",""id"",""prs"",""flw"",""pwr"",""bsy"",""rfd"",""dne"",""inp"",""wrk"",""out"",""ord"",""pno"",""car"",""wpl"",""stp"",""opn"",""prt""]",flat export,"{""missing_by_column"":{""bsy"":86753,""rfd"":86488,""dne"":86395,""inp"":86899,""wrk"":86541,""out"":86902,""ord"":86220,""pno"":86220,""car"":86220,""wpl"":86947,""stp"":86947,""opn"":86220,""prt"":86220,""prs"":727,""flw"":727,""pwr"":727},""duplicate_rows"":0,""sampling_interval_ms"":{""median_ms"":82,""p10_ms"":7,""p90_ms"":992}}"
Exp20190416/dump_20190416_1004.sql,Exp20190416,dump_20190416_1004.sql,.sql,741144,071c6d1b48c90889dd5977a15a23a1b6ebb7bb048eb1326a7f304ff169d15e91,PostgreSQL plain-text dump,ascii,database snapshot containing power and PLC/MES tables,confirmed,PostgreSQL COPY dump,11403,11213,2019-04-16T07:23:48.384000Z,2019-04-16T07:35:36.207000Z,PostgreSQL COPY (tab),"tblMachineReport:[""ResourceID"",""timeStamp"",""Busy"",""RFIDTagPresent"",""Done""]; tblOperationLog:[""ResourceID"",""timeStamp"",""Busy"",""RFIDTagPresent"",""Done"",""StationEntryxBG5"",""ReadyAtStationxBG1"",""DoneWorkingxBG9"",""StationExitxBG6"",""OperationNo"",""WorkPlanNo"",""OrderNo"",""StepNo"",""CarrierID"",""iResourceID"",""OrderPosition"",""PartNumber""]; tblPowerLog:[""ResourceID"",""timeStamp"",""ActivePowerL1"",""Flow"",""Pressure""]; tblSensorsLog:[""ResourceID"",""timeStamp"",""StationEntryxBG5"",""ReadyAtStationxBG1"",""DoneWorkingxBG9"",""StationExitxBG6""]",polimi,tables with zero rows and cumulative snapshots must be handled explicitly
Exp20190416/dump_20190416_1116.sql,Exp20190416,dump_20190416_1116.sql,.sql,5284767,7bbbdf3be1a81c742bee7c3947401fb422e70de3aed116e3af5d054047798033,PostgreSQL plain-text dump,ascii,database snapshot containing power and PLC/MES tables,confirmed,PostgreSQL COPY dump,76873,76683,2019-04-16T08:16:40.121000Z,2019-04-16T09:16:24.418000Z,PostgreSQL COPY (tab),"tblMachineReport:[""ResourceID"",""timeStamp"",""Busy"",""RFIDTagPresent"",""Done""]; tblOperationLog:[""ResourceID"",""timeStamp"",""Busy"",""RFIDTagPresent"",""Done"",""StationEntryxBG5"",""ReadyAtStationxBG1"",""DoneWorkingxBG9"",""StationExitxBG6"",""OperationNo"",""WorkPlanNo"",""OrderNo"",""StepNo"",""CarrierID"",""iResourceID"",""OrderPosition"",""PartNumber""]; tblPowerLog:[""ResourceID"",""timeStamp"",""ActivePowerL1"",""Flow"",""Pressure""]; tblSensorsLog:[""ResourceID"",""timeStamp"",""StationEntryxBG5"",""ReadyAtStationxBG1"",""DoneWorkingxBG9"",""StationExitxBG6""]",polimi,tables with zero rows and cumulative snapshots must be handled explicitly
Exp20190416/dump_20190416_1116_new.sql,Exp20190416,dump_20190416_1116_new.sql,.sql,5284891,5af333274a124a58874b5969345918fe39131e207c27276aeab010ea8ba0828f,PostgreSQL plain-text dump,ascii,database snapshot containing power and PLC/MES tables,confirmed,PostgreSQL COPY dump,76873,76683,2019-04-16T08:16:40.121000Z,2019-04-16T09:16:24.418000Z,PostgreSQL COPY (tab),"tblMachineReport:[""ResourceID"",""timeStamp"",""Busy"",""RFIDTagPresent"",""Done""]; tblOperationLog:[""ResourceID"",""timeStamp"",""Busy"",""RFIDTagPresent"",""Done"",""StationEntryxBG5"",""ReadyAtStationxBG1"",""DoneWorkingxBG9"",""StationExitxBG6"",""OperationNo"",""WorkPlanNo"",""OrderNo"",""StepNo"",""CarrierID"",""iResourceID"",""OrderPosition"",""PartNumber""]; tblPowerLog:[""ResourceID"",""timeStamp"",""ActivePowerL1"",""Flow"",""Pressure""]; tblSensorsLog:[""ResourceID"",""timeStamp"",""StationEntryxBG5"",""ReadyAtStationxBG1"",""DoneWorkingxBG9"",""StationExitxBG6""]",polimi1116,tables with zero rows and cumulative snapshots must be handled explicitly
Exp20190416/dump_20190416_1515.sql,Exp20190416,dump_20190416_1515.sql,.sql,4012129,5d0cb0b35c68e0e6f2db817283f6edd7eae88116e4e2d08cddd2320c72ab16d3,PostgreSQL plain-text dump,ascii,database snapshot containing power and PLC/MES tables,confirmed,PostgreSQL COPY dump,58450,58260,2019-04-16T12:22:31.759000Z,2019-04-16T13:16:00.418000Z,PostgreSQL COPY (tab),"tblMachineReport:[""ResourceID"",""timeStamp"",""Busy"",""RFIDTagPresent"",""Done""]; tblOperationLog:[""ResourceID"",""timeStamp"",""Busy"",""RFIDTagPresent"",""Done"",""StationEntryxBG5"",""ReadyAtStationxBG1"",""DoneWorkingxBG9"",""StationExitxBG6"",""OperationNo"",""WorkPlanNo"",""OrderNo"",""StepNo"",""CarrierID"",""iResourceID"",""OrderPosition"",""PartNumber""]; tblPowerLog:[""ResourceID"",""timeStamp"",""ActivePowerL1"",""Flow"",""Pressure""]; tblSensorsLog:[""ResourceID"",""timeStamp"",""StationEntryxBG5"",""ReadyAtStationxBG1"",""DoneWorkingxBG9"",""StationExitxBG6""]",polimi,tables with zero rows and cumulative snapshots must be handled explicitly
Exp20190416/dump_20190416_1630.sql,Exp20190416,dump_20190416_1630.sql,.sql,4393545,a12dce970703272eb75cf8d09405782172c23c3ec4224865fccb78c0a6526ae1,PostgreSQL plain-text dump,ascii,database snapshot containing power and PLC/MES tables,confirmed,PostgreSQL COPY dump,64744,64554,2019-04-16T13:28:47.710000Z,2019-04-16T14:30:46.623000Z,PostgreSQL COPY (tab),"tblMachineReport:[""ResourceID"",""timeStamp"",""Busy"",""RFIDTagPresent"",""Done""]; tblOperationLog:[""ResourceID"",""timeStamp"",""Busy"",""RFIDTagPresent"",""Done"",""StationEntryxBG5"",""ReadyAtStationxBG1"",""DoneWorkingxBG9"",""StationExitxBG6"",""OperationNo"",""WorkPlanNo"",""OrderNo"",""StepNo"",""CarrierID"",""iResourceID"",""OrderPosition"",""PartNumber""]; tblPowerLog:[""ResourceID"",""timeStamp"",""ActivePowerL1"",""Flow"",""Pressure""]; tblSensorsLog:[""ResourceID"",""timeStamp"",""StationEntryxBG5"",""ReadyAtStationxBG1"",""DoneWorkingxBG9"",""StationExitxBG6""]",polimi,tables with zero rows and cumulative snapshots must be handled explicitly
Exp20190416/dump_20190416_1807.sql,Exp20190416,dump_20190416_1807.sql,.sql,6704869,72dc64f81ba21d710bee92e81fadb001b187288efe4e1479e6c1c275da668885,PostgreSQL plain-text dump,ascii,database snapshot containing power and PLC/MES tables,confirmed,PostgreSQL COPY dump,98521,98331,2019-04-16T14:34:39.298000Z,2019-04-16T16:07:54.493000Z,PostgreSQL COPY (tab),"tblMachineReport:[""ResourceID"",""timeStamp"",""Busy"",""RFIDTagPresent"",""Done""]; tblOperationLog:[""ResourceID"",""timeStamp"",""Busy"",""RFIDTagPresent"",""Done"",""StationEntryxBG5"",""ReadyAtStationxBG1"",""DoneWorkingxBG9"",""StationExitxBG6"",""OperationNo"",""WorkPlanNo"",""OrderNo"",""StepNo"",""CarrierID"",""iResourceID"",""OrderPosition"",""PartNumber""]; tblPowerLog:[""ResourceID"",""timeStamp"",""ActivePowerL1"",""Flow"",""Pressure""]; tblSensorsLog:[""ResourceID"",""timeStamp"",""StationEntryxBG5"",""ReadyAtStationxBG1"",""DoneWorkingxBG9"",""StationExitxBG6""]",polimi,tables with zero rows and cumulative snapshots must be handled explicitly
Exp20190416/dump_20190416_1807_new.sql,Exp20190416,dump_20190416_1807_new.sql,.sql,6704993,93b0a9bdc8e5ae8042d58c1354289960452abfe11b09028108f851186631f423,PostgreSQL plain-text dump,ascii,database snapshot containing power and PLC/MES tables,confirmed,PostgreSQL COPY dump,98521,98331,2019-04-16T14:34:39.298000Z,2019-04-16T16:07:54.493000Z,PostgreSQL COPY (tab),"tblMachineReport:[""ResourceID"",""timeStamp"",""Busy"",""RFIDTagPresent"",""Done""]; tblOperationLog:[""ResourceID"",""timeStamp"",""Busy"",""RFIDTagPresent"",""Done"",""StationEntryxBG5"",""ReadyAtStationxBG1"",""DoneWorkingxBG9"",""StationExitxBG6"",""OperationNo"",""WorkPlanNo"",""OrderNo"",""StepNo"",""CarrierID"",""iResourceID"",""OrderPosition"",""PartNumber""]; tblPowerLog:[""ResourceID"",""timeStamp"",""ActivePowerL1"",""Flow"",""Pressure""]; tblSensorsLog:[""ResourceID"",""timeStamp"",""StationEntryxBG5"",""ReadyAtStationxBG1"",""DoneWorkingxBG9"",""StationExitxBG6""]",polimi1807,tables with zero rows and cumulative snapshots must be handled explicitly
Exp20190416/dump_20190416_1844.sql,Exp20190416,dump_20190416_1844.sql,.sql,2108522,1c8bc19311ba74e860beeea502eeaa80f154971d413761b20da3f198a79ff601,PostgreSQL plain-text dump,ascii,database snapshot containing power and PLC/MES tables,confirmed,PostgreSQL COPY dump,31034,30844,2019-04-16T16:15:31.257000Z,2019-04-16T16:44:47.452000Z,PostgreSQL COPY (tab),"tblMachineReport:[""ResourceID"",""timeStamp"",""Busy"",""RFIDTagPresent"",""Done""]; tblOperationLog:[""ResourceID"",""timeStamp"",""Busy"",""RFIDTagPresent"",""Done"",""StationEntryxBG5"",""ReadyAtStationxBG1"",""DoneWorkingxBG9"",""StationExitxBG6"",""OperationNo"",""WorkPlanNo"",""OrderNo"",""StepNo"",""CarrierID"",""iResourceID"",""OrderPosition"",""PartNumber""]; tblPowerLog:[""ResourceID"",""timeStamp"",""ActivePowerL1"",""Flow"",""Pressure""]; tblSensorsLog:[""ResourceID"",""timeStamp"",""StationEntryxBG5"",""ReadyAtStationxBG1"",""DoneWorkingxBG9"",""StationExitxBG6""]",polimi,tables with zero rows and cumulative snapshots must be handled explicitly
Exp20190514/1_20190514.txt,Exp20190514,1_20190514.txt,.txt,28474,0cbab1d7473a0800e2f5f481fbf34c94750989747e7a85b1eec3433a9ba39137,event/debug text log,ascii,annotated Node-RED sensor capture,probable,manual headings require interpretation,470,150,2019-05-14T07:44:36.394000Z,2019-05-14T09:16:13.220000Z,Node-RED multiline log,"[""T07"",""T08"",""T09"",""order"",""sensor"",""timestamp"",""timestampms"",""topic""]","{""Res 30 line1"":110,""Res 30 line2"":40}","{""duplicate_events"":0,""sampling_interval_ms"":{""median_ms"":210.5,""p10_ms"":200,""p90_ms"":314701}}"
Exp20190514/2_fuse20190514.txt,Exp20190514,2_fuse20190514.txt,.txt,28161,19c79fb34a1ff3b48b8a6af9e17c7646557583b0ba3cd68a081f6e2f6dc927b7,event/debug text log,ascii,annotated Node-RED sensor capture,probable,manual headings require interpretation,470,148,2019-05-14T09:33:05.791000Z,2019-05-14T10:55:10.038000Z,Node-RED multiline log,"[""T09"",""T10"",""order"",""sensor"",""timestamp"",""timestampms"",""topic""]","{""Res 30 line1"":104,""Res 30 line2"":44}","{""duplicate_events"":0,""sampling_interval_ms"":{""median_ms"":214.0,""p10_ms"":195,""p90_ms"":293123}}"
Exp20190514/Elaborazioni_dati_exp20190514_1123_1302.xlsx,Exp20190514,Elaborazioni_dati_exp20190514_1123_1302.xlsx,.xlsx,105036,024f185af14585b4bb359b17427df7ee84f275ff0af45761e29afac854b3cb1e,Excel OOXML workbook,binary OOXML,manually derived/analysis workbook,probable,not a primary raw source until lineage is confirmed,,352,2019-05-14T09:32:49.220000Z,2019-05-14T10:59:03.605000Z,OOXML,inspection limited to OOXML metadata/sample values,"[""Energy saving calcs no 1o"", ""DATI IN AND OUT CORRETTI 20"", ""PIVOT"", ""DATI IN AND OUT ALL STATIONS"", ""DATI IN AND OUT 40-50 stima"", ""Energy saving calculations"", ""Ciclo lav drill bool"", ""Ciclo lav drill no boolManual "", ""Ciclo lav drill SQL""]",artifact-tool unavailable; formulas counted but not recalculated or visually validated
Exp20190514/Expe-summary.xlsx,Exp20190514,Expe-summary.xlsx,.xlsx,50369,e6e7e2f0fc8166cd319265a8bf38f9824761b35b803b4628ce5d2024233f7930,Excel OOXML workbook,binary OOXML,experiment summary workbook,probable,contextual/derived source,,39,2019-05-14T08:30:42.244000Z,2019-05-14T10:55:09.537000Z,OOXML,inspection limited to OOXML metadata/sample values,"[""20190514""]",artifact-tool unavailable; formulas counted but not recalculated or visually validated
Exp20190514/dump_20190514_1122_new.sql,Exp20190514,dump_20190514_1122_new.sql,.sql,5634140,f3846fbd648199df3c152ed923dc7ab1fcc12afa56a7468887022824236b7a86,PostgreSQL plain-text dump,ascii,database snapshot containing power and PLC/MES tables,confirmed,PostgreSQL COPY dump,88223,88033,2019-05-14T07:28:40.553000Z,2019-05-14T09:22:38.540000Z,PostgreSQL COPY (tab),"tblMachineReport:[""ResourceID"",""timeStamp"",""Busy"",""RFIDTagPresent"",""Done""]; tblOperationLog:[""ResourceID"",""timeStamp"",""Busy"",""RFIDTagPresent"",""Done"",""StationEntryxBG5"",""ReadyAtStationxBG1"",""DoneWorkingxBG9"",""StationExitxBG6"",""OperationNo"",""WorkPlanNo"",""OrderNo"",""StepNo"",""CarrierID"",""iResourceID"",""OrderPosition"",""PartNumber""]; tblPowerLog:[""ResourceID"",""timeStamp"",""ActivePowerL1"",""Flow"",""Pressure""]; tblSensorsLog:[""ResourceID"",""timeStamp"",""StationEntryxBG5"",""ReadyAtStationxBG1"",""DoneWorkingxBG9"",""StationExitxBG6""]",polimi1122,tables with zero rows and cumulative snapshots must be handled explicitly
Exp20190514/dump_20190514_1302.sql,Exp20190514,dump_20190514_1302.sql,.sql,6345362,544ad5a2448f683271f83aec475f78de0ce10e8521750cb4eb265b21bf1538a8,PostgreSQL plain-text dump,ascii,database snapshot containing power and PLC/MES tables,confirmed,PostgreSQL COPY dump,96159,95969,2019-05-14T09:25:27.270000Z,2019-05-14T11:02:47.461000Z,PostgreSQL COPY (tab),"tblMachineReport:[""ResourceID"",""timeStamp"",""Busy"",""RFIDTagPresent"",""Done""]; tblOperationLog:[""ResourceID"",""timeStamp"",""Busy"",""RFIDTagPresent"",""Done"",""StationEntryxBG5"",""ReadyAtStationxBG1"",""DoneWorkingxBG9"",""StationExitxBG6"",""OperationNo"",""WorkPlanNo"",""OrderNo"",""StepNo"",""CarrierID"",""iResourceID"",""OrderPosition"",""PartNumber""]; tblPowerLog:[""ResourceID"",""timeStamp"",""ActivePowerL1"",""Flow"",""Pressure""]; tblSensorsLog:[""ResourceID"",""timeStamp"",""StationEntryxBG5"",""ReadyAtStationxBG1"",""DoneWorkingxBG9"",""StationExitxBG6""]",polimi,tables with zero rows and cumulative snapshots must be handled explicitly
Exp20190514/dump_20190514_1302_new.sql,Exp20190514,dump_20190514_1302_new.sql,.sql,6345486,3f3013620bdd8c1828841106bbee4c6be13c9bdec51b8ee4289a21eb21d06e98,PostgreSQL plain-text dump,ascii,database snapshot containing power and PLC/MES tables,confirmed,PostgreSQL COPY dump,96159,95969,2019-05-14T09:25:27.270000Z,2019-05-14T11:02:47.461000Z,PostgreSQL COPY (tab),"tblMachineReport:[""ResourceID"",""timeStamp"",""Busy"",""RFIDTagPresent"",""Done""]; tblOperationLog:[""ResourceID"",""timeStamp"",""Busy"",""RFIDTagPresent"",""Done"",""StationEntryxBG5"",""ReadyAtStationxBG1"",""DoneWorkingxBG9"",""StationExitxBG6"",""OperationNo"",""WorkPlanNo"",""OrderNo"",""StepNo"",""CarrierID"",""iResourceID"",""OrderPosition"",""PartNumber""]; tblPowerLog:[""ResourceID"",""timeStamp"",""ActivePowerL1"",""Flow"",""Pressure""]; tblSensorsLog:[""ResourceID"",""timeStamp"",""StationEntryxBG5"",""ReadyAtStationxBG1"",""DoneWorkingxBG9"",""StationExitxBG6""]",polimi1302,tables with zero rows and cumulative snapshots must be handled explicitly
Exp20190514/probe_20190514_1122.txt,Exp20190514,probe_20190514_1122.txt,.txt,21885,38e893d6ee649db81c39e4f8daff1a5cc0d04b9cc99718615345e348db85fee1,event/debug text log,ascii,OPC UA / Node-RED sensor event log,probable,sensor/topic semantics require confirmation,185,185,2019-05-14T07:36:44.503000Z,2019-05-14T09:16:13.220000Z,JSON Lines,"[""T07"",""T08"",""T09"",""order"",""sensor"",""timestamp"",""timestampms"",""topic""]","{""Res 30 line1"":135,""Res 30 line2"":50}","{""duplicate_events"":0,""sampling_interval_ms"":{""median_ms"":210,""p10_ms"":200,""p90_ms"":270175}}"
Exp20190514/probe_20190514_1302.txt,Exp20190514,probe_20190514_1302.txt,.txt,19851,1c1fb8930cb9f6ad9ed20927d533aea70413a7d999b842a208afe3b149b46234,event/debug text log,ascii,OPC UA / Node-RED sensor event log,probable,sensor/topic semantics require confirmation,169,169,2019-05-14T09:31:08.584000Z,2019-05-14T10:55:10.038000Z,JSON Lines,"[""T09"",""T10"",""order"",""sensor"",""timestamp"",""timestampms"",""topic""]","{""Res 30 line1"":118,""Res 30 line2"":51}","{""duplicate_events"":0,""sampling_interval_ms"":{""median_ms"":213,""p10_ms"":195,""p90_ms"":288698}}"
Exp20190514/query_20190514_1122_lim.txt,Exp20190514,query_20190514_1122_lim.txt,.txt,6786,e36a8671c51ce918bcac643a9a504856cf042d0d9cb272ff1b46ecaeb1c3770b,delimited text export,ascii,sparse union-style export of power and operation/PLC events,probable,not a time-fused table; requires original query confirmation,52,50,2019-05-14T07:28:40.553000Z,2019-05-14T08:18:37.124000Z,|,"[""dateandtime"",""id"",""prs"",""flw"",""pwr"",""bsy"",""rfd"",""dne"",""inp"",""wrk"",""out"",""ord"",""pno"",""car"",""wpl"",""stp"",""opn"",""prt""]",flat export,"{""missing_by_column"":{""bsy"":50,""rfd"":50,""dne"":50,""inp"":50,""wrk"":50,""out"":50,""ord"":50,""pno"":50,""car"":50,""wpl"":50,""stp"":50,""opn"":50,""prt"":50},""duplicate_rows"":0,""sampling_interval_ms"":{""median_ms"":938.0,""p10_ms"":21,""p90_ms"":2991834}}"
Exp20190514/query_20190514_1302.txt,Exp20190514,query_20190514_1302.txt,.txt,12769748,8c012ba2092d7a7a9c0020e7678db9f1505cb88e1277d4047e6d1dd0850914c3,delimited text export,ascii,sparse union-style export of power and operation/PLC events,probable,not a time-fused table; requires original query confirmation,96015,96011,2019-05-14T09:25:27.270000Z,2019-05-14T11:02:50.297000Z,|,"[""dateandtime"",""id"",""prs"",""flw"",""pwr"",""bsy"",""rfd"",""dne"",""inp"",""wrk"",""out"",""ord"",""pno"",""car"",""wpl"",""stp"",""opn"",""prt""]",flat export,"{""missing_by_column"":{""bsy"":95478,""rfd"":94778,""dne"":94511,""inp"":95886,""wrk"":94960,""out"":95831,""ord"":94011,""pno"":94011,""car"":94011,""wpl"":96011,""stp"":96011,""opn"":94011,""prt"":94010,""prs"":2000,""flw"":2000,""pwr"":2000},""duplicate_rows"":0,""sampling_interval_ms"":{""median_ms"":69,""p10_ms"":7,""p90_ms"":976}}"
Exp20190514/query_20190514_1302_lim.txt,Exp20190514,query_20190514_1302_lim.txt,.txt,1245904,6a1b19d52df0334253dce737975648312cef9853ba77d575e05c58ee3af8b66a,delimited text export,ascii,sparse union-style export of power and operation/PLC events,probable,not a time-fused table; requires original query confirmation,12586,12584,2019-05-14T09:25:27.270000Z,2019-05-14T09:37:59.171000Z,",","[""dateandtime"",""id"",""prs"",""flw"",""pwr"",""bsy"",""rfd"",""dne"",""inp"",""wrk"",""out"",""ord"",""pno"",""car"",""wpl"",""stp"",""opn"",""prt""]",flat export,"{""missing_by_column"":{""bsy"":12495,""rfd"":12344,""dne"":12250,""inp"":12553,""wrk"":12384,""out"":12553,""ord"":12161,""pno"":12161,""car"":12161,""wpl"":12584,""stp"":12584,""opn"":12161,""prt"":12161,""prs"":423,""flw"":423,""pwr"":423},""duplicate_rows"":0,""sampling_interval_ms"":{""median_ms"":70.0,""p10_ms"":8,""p90_ms"":975}}"
Exp20190617/Produzioneconcinquepezzidiseguito.png,Exp20190617,Produzioneconcinquepezzidiseguito.png,.png,193929,657c8808a56659faba47e78a4c6cb6a0de6f6af55413deb556369ecf3b1c053a,PNG screenshot,binary,Node-RED energy-dashboard screenshot,confirmed,contextual validation of drill-station power profile,,1,,,binary PNG,,1680x1050,contextual screenshot; values cannot be treated as machine-readable measurements
Exp20190617/Produzioneconquattropezzidiseguito.png,Exp20190617,Produzioneconquattropezzidiseguito.png,.png,144863,0bb8099ee23ece51b44c9315f706f81a19f4f82fcb4f1192b5eebc1ff480d1f5,PNG screenshot,binary,Node-RED energy-dashboard screenshot,confirmed,contextual validation of drill-station power profile,,1,,,binary PNG,,1680x1050,contextual screenshot; values cannot be treated as machine-readable measurements
Exp20190617/Produzionecontrepezzidiseguito.png,Exp20190617,Produzionecontrepezzidiseguito.png,.png,183290,071fdd077977644bf6aef8b360e3ff752f6349bd1e52e5cc80c8427b9deb79d9,PNG screenshot,binary,Node-RED energy-dashboard screenshot,confirmed,contextual validation of drill-station power profile,,1,,,binary PNG,,1680x1050,contextual screenshot; values cannot be treated as machine-readable measurements
Exp20190617/dump_20190617_1130.sql,Exp20190617,dump_20190617_1130.sql,.sql,5888278,3e6f909e00c5df5f61f33c31030f3be46350df101e2a95a2e669612ab9316b6c,PostgreSQL plain-text dump,ascii,database snapshot containing power and PLC/MES tables,confirmed,PostgreSQL COPY dump,89877,89687,2019-06-17T07:58:16.181000Z,2019-06-17T09:30:43.620000Z,PostgreSQL COPY (tab),"tblMachineReport:[""ResourceID"",""timeStamp"",""Busy"",""RFIDTagPresent"",""Done""]; tblOperationLog:[""ResourceID"",""timeStamp"",""Busy"",""RFIDTagPresent"",""Done"",""StationEntryxBG5"",""ReadyAtStationxBG1"",""DoneWorkingxBG9"",""StationExitxBG6"",""OperationNo"",""WorkPlanNo"",""OrderNo"",""StepNo"",""CarrierID"",""iResourceID"",""OrderPosition"",""PartNumber""]; tblPowerLog:[""ResourceID"",""timeStamp"",""ActivePowerL1"",""Flow"",""Pressure""]; tblSensorsLog:[""ResourceID"",""timeStamp"",""StationEntryxBG5"",""ReadyAtStationxBG1"",""DoneWorkingxBG9"",""StationExitxBG6""]",polimi,tables with zero rows and cumulative snapshots must be handled explicitly
Exp20190617/dump_20190617_1209.sql,Exp20190617,dump_20190617_1209.sql,.sql,8360961,f63c61629f19148539d84442d9a36c40d14991b01aa73b7609d9d50952ba93a2,PostgreSQL plain-text dump,ascii,database snapshot containing power and PLC/MES tables,confirmed,PostgreSQL COPY dump,127451,127261,2019-06-17T07:58:16.181000Z,2019-06-17T10:09:15.405000Z,PostgreSQL COPY (tab),"tblMachineReport:[""ResourceID"",""timeStamp"",""Busy"",""RFIDTagPresent"",""Done""]; tblOperationLog:[""ResourceID"",""timeStamp"",""Busy"",""RFIDTagPresent"",""Done"",""StationEntryxBG5"",""ReadyAtStationxBG1"",""DoneWorkingxBG9"",""StationExitxBG6"",""OperationNo"",""WorkPlanNo"",""OrderNo"",""StepNo"",""CarrierID"",""iResourceID"",""OrderPosition"",""PartNumber""]; tblPowerLog:[""ResourceID"",""timeStamp"",""ActivePowerL1"",""Flow"",""Pressure""]; tblSensorsLog:[""ResourceID"",""timeStamp"",""StationEntryxBG5"",""ReadyAtStationxBG1"",""DoneWorkingxBG9"",""StationExitxBG6""]",polimi,tables with zero rows and cumulative snapshots must be handled explicitly
Exp20190617/dump_20190617_1209_new.sql,Exp20190617,dump_20190617_1209_new.sql,.sql,8361085,4d4ad161b547c9c7b9af12b837ba6b7bbde75dd27e1ad74789b9465b16d42cd4,PostgreSQL plain-text dump,ascii,database snapshot containing power and PLC/MES tables,confirmed,PostgreSQL COPY dump,127451,127261,2019-06-17T07:58:16.181000Z,2019-06-17T10:09:15.405000Z,PostgreSQL COPY (tab),"tblMachineReport:[""ResourceID"",""timeStamp"",""Busy"",""RFIDTagPresent"",""Done""]; tblOperationLog:[""ResourceID"",""timeStamp"",""Busy"",""RFIDTagPresent"",""Done"",""StationEntryxBG5"",""ReadyAtStationxBG1"",""DoneWorkingxBG9"",""StationExitxBG6"",""OperationNo"",""WorkPlanNo"",""OrderNo"",""StepNo"",""CarrierID"",""iResourceID"",""OrderPosition"",""PartNumber""]; tblPowerLog:[""ResourceID"",""timeStamp"",""ActivePowerL1"",""Flow"",""Pressure""]; tblSensorsLog:[""ResourceID"",""timeStamp"",""StationEntryxBG5"",""ReadyAtStationxBG1"",""DoneWorkingxBG9"",""StationExitxBG6""]",polimi1209,tables with zero rows and cumulative snapshots must be handled explicitly
Exp20190617/dump_20190617_1429.sql,Exp20190617,dump_20190617_1429.sql,.sql,1853778,e90302cbf9f911dd23349f02c51cfe316e63159a1b42861f3ed5cfd65b47fd92,PostgreSQL plain-text dump,ascii,database snapshot containing power and PLC/MES tables,confirmed,PostgreSQL COPY dump,28736,28546,2019-06-17T11:59:31.348000Z,2019-06-17T12:29:49.863000Z,PostgreSQL COPY (tab),"tblMachineReport:[""ResourceID"",""timeStamp"",""Busy"",""RFIDTagPresent"",""Done""]; tblOperationLog:[""ResourceID"",""timeStamp"",""Busy"",""RFIDTagPresent"",""Done"",""StationEntryxBG5"",""ReadyAtStationxBG1"",""DoneWorkingxBG9"",""StationExitxBG6"",""OperationNo"",""WorkPlanNo"",""OrderNo"",""StepNo"",""CarrierID"",""iResourceID"",""OrderPosition"",""PartNumber""]; tblPowerLog:[""ResourceID"",""timeStamp"",""ActivePowerL1"",""Flow"",""Pressure""]; tblSensorsLog:[""ResourceID"",""timeStamp"",""StationEntryxBG5"",""ReadyAtStationxBG1"",""DoneWorkingxBG9"",""StationExitxBG6""]",polimi,tables with zero rows and cumulative snapshots must be handled explicitly
Exp20190617/query_20190617_1130.txt,Exp20190617,query_20190617_1130.txt,.txt,12023436,302b18ffc76c730e41359532144e11ebd27432fa109289122fe4e5c2bab61496,delimited text export,ascii,sparse union-style export of power and operation/PLC events,probable,not a time-fused table; requires original query confirmation,89729,89725,2019-06-17T07:58:16.181000Z,2019-06-17T09:30:46.277000Z,|,"[""dateandtime"",""id"",""prs"",""flw"",""pwr"",""bsy"",""rfd"",""dne"",""inp"",""wrk"",""out"",""ord"",""pno"",""car"",""wpl"",""stp"",""opn"",""prt""]",flat export,"{""missing_by_column"":{""bsy"":89016,""rfd"":88041,""dne"":87751,""inp"":89443,""wrk"":88299,""out"":89451,""ord"":87075,""pno"":87075,""car"":87075,""wpl"":89725,""stp"":89725,""opn"":87075,""prt"":87075,""prs"":2650,""flw"":2650,""pwr"":2650},""duplicate_rows"":0,""sampling_interval_ms"":{""median_ms"":73.0,""p10_ms"":10,""p90_ms"":971}}"
Exp20190617/query_20190617_1209.txt,Exp20190617,query_20190617_1209.txt,.txt,17060229,439fbb325b1a400b73c92402ddd411fa2ced050c4d40ae022af4db9347aa78a5,delimited text export,ascii,sparse union-style export of power and operation/PLC events,probable,not a time-fused table; requires original query confirmation,127317,127313,2019-06-17T07:58:16.181000Z,2019-06-17T10:09:18.927000Z,|,"[""dateandtime"",""id"",""prs"",""flw"",""pwr"",""bsy"",""rfd"",""dne"",""inp"",""wrk"",""out"",""ord"",""pno"",""car"",""wpl"",""stp"",""opn"",""prt""]",flat export,"{""missing_by_column"":{""bsy"":126260,""rfd"":124881,""dne"":124549,""inp"":126901,""wrk"":125270,""out"":126895,""ord"":123564,""pno"":123564,""car"":123564,""wpl"":127313,""stp"":127313,""opn"":123564,""prt"":123564,""prs"":3749,""flw"":3749,""pwr"":3749},""duplicate_rows"":0,""sampling_interval_ms"":{""median_ms"":72.0,""p10_ms"":9,""p90_ms"":970}}"
Exp20190617/query_20190617_1429.txt,Exp20190617,query_20190617_1429.txt,.txt,3800094,5b9d3aff1aa9e7a3ad27042bc92be557e468e730b8d0dd4837c4be3992ebc752,delimited text export,ascii,sparse union-style export of power and operation/PLC events,probable,not a time-fused table; requires original query confirmation,28574,28570,2019-06-17T11:59:31.348000Z,2019-06-17T12:29:51.424000Z,|,"[""dateandtime"",""id"",""prs"",""flw"",""pwr"",""bsy"",""rfd"",""dne"",""inp"",""wrk"",""out"",""ord"",""pno"",""car"",""wpl"",""stp"",""opn"",""prt""]",flat export,"{""missing_by_column"":{""bsy"":28424,""rfd"":28224,""dne"":28115,""inp"":28530,""wrk"":28276,""out"":28530,""ord"":27976,""pno"":27976,""car"":27976,""wpl"":28570,""stp"":28570,""opn"":27976,""prt"":27976,""prs"":594,""flw"":594,""pwr"":594},""duplicate_rows"":0,""sampling_interval_ms"":{""median_ms"":74.0,""p10_ms"":10,""p90_ms"":970}}"
