relative_path,experiment,table,columns,row_count,duplicate_rows,duplicate_timestamps_per_resource,timestamp_order_inversions,timestamp_start_utc,timestamp_end_utc,sampling_interval_ms,resource_ids,missing_by_column,numeric_ranges
Exp20190124/dump_20190124_1035.sql,Exp20190124,tblMachineReport,"[""ResourceID"",""timeStamp"",""Busy"",""RFIDTagPresent"",""Done""]",0,0,0,0,,,,[],"{""ResourceID"":0,""timeStamp"":0,""Busy"":0,""RFIDTagPresent"":0,""Done"":0}",{}
Exp20190124/dump_20190124_1035.sql,Exp20190124,tblOperationLog,"[""ResourceID"",""timeStamp"",""Busy"",""RFIDTagPresent"",""Done"",""StationEntryxBG5"",""ReadyAtStationxBG1"",""DoneWorkingxBG9"",""StationExitxBG6"",""OperationNo"",""WorkPlanNo"",""OrderNo"",""StepNo"",""CarrierID"",""iResourceID"",""OrderPosition"",""PartNumber""]",682,0,0,1,2019-01-24T09:17:10.283000Z,2019-01-24T09:31:04.232000Z,"{""median_ms"":502.5,""p10_ms"":5,""p90_ms"":3476}","[""mes10_3:plcManual"",""mes20_3:plcMagazineFront"",""mes30_3:plcDrillingCPS"",""mes50_3:plcRobotAssembly"",""mes60_3:plcCameraInspection"",""mes70_3:plcMagazineBack"",""mes80_3:plcPress""]","{""ResourceID"":0,""timeStamp"":0,""Busy"":0,""RFIDTagPresent"":0,""Done"":0,""StationEntryxBG5"":24,""ReadyAtStationxBG1"":24,""DoneWorkingxBG9"":682,""StationExitxBG6"":24,""OperationNo"":0,""WorkPlanNo"":682,""OrderNo"":0,""StepNo"":682,""CarrierID"":0,""iResourceID"":0,""OrderPosition"":0,""PartNumber"":0}",{}
Exp20190124/dump_20190124_1035.sql,Exp20190124,tblPowerLog,"[""ResourceID"",""timeStamp"",""ActivePowerL1"",""Flow"",""Pressure""]",22203,0,0,1,2019-01-24T09:13:21.693000Z,2019-01-24T09:35:54.584000Z,"{""median_ms"":68,""p10_ms"":9,""p90_ms"":973}","[""ene1_2:CECC-LK"",""ene2_2:CECC-LK"",""ene3_2:CECC-LK"",""ene5_2:CECC-LK"",""ene6_2:CECC-LK"",""ene7_2:CECC-LK"",""ene8_2:CECC-LK""]","{""ResourceID"":0,""timeStamp"":0,""ActivePowerL1"":0,""Flow"":0,""Pressure"":0}","{""ActivePowerL1"":{""min"":11.047082901,""max"":91.07776641845703},""Flow"":{""min"":0.0,""max"":7.835927963256836},""Pressure"":{""min"":5.639855861663818,""max"":5.965649605}}"
Exp20190124/dump_20190124_1035.sql,Exp20190124,tblSensorsLog,"[""ResourceID"",""timeStamp"",""StationEntryxBG5"",""ReadyAtStationxBG1"",""DoneWorkingxBG9"",""StationExitxBG6""]",0,0,0,0,,,,[],"{""ResourceID"":0,""timeStamp"":0,""StationEntryxBG5"":0,""ReadyAtStationxBG1"":0,""DoneWorkingxBG9"":0,""StationExitxBG6"":0}",{}
Exp20190124/dump_20190124_1102.sql,Exp20190124,tblMachineReport,"[""ResourceID"",""timeStamp"",""Busy"",""RFIDTagPresent"",""Done""]",0,0,0,0,,,,[],"{""ResourceID"":0,""timeStamp"":0,""Busy"":0,""RFIDTagPresent"":0,""Done"":0}",{}
Exp20190124/dump_20190124_1102.sql,Exp20190124,tblOperationLog,"[""ResourceID"",""timeStamp"",""Busy"",""RFIDTagPresent"",""Done"",""StationEntryxBG5"",""ReadyAtStationxBG1"",""DoneWorkingxBG9"",""StationExitxBG6"",""OperationNo"",""WorkPlanNo"",""OrderNo"",""StepNo"",""CarrierID"",""iResourceID"",""OrderPosition"",""PartNumber""]",524,0,0,0,2019-01-24T09:47:31.704000Z,2019-01-24T10:00:24.185000Z,"{""median_ms"":500,""p10_ms"":5,""p90_ms"":3402}","[""mes10_3:plcManual"",""mes20_3:plcMagazineFront"",""mes30_3:plcDrillingCPS"",""mes50_3:plcRobotAssembly"",""mes60_3:plcCameraInspection"",""mes70_3:plcMagazineBack"",""mes80_3:plcPress""]","{""ResourceID"":0,""timeStamp"":0,""Busy"":0,""RFIDTagPresent"":0,""Done"":0,""StationEntryxBG5"":24,""ReadyAtStationxBG1"":24,""DoneWorkingxBG9"":524,""StationExitxBG6"":24,""OperationNo"":0,""WorkPlanNo"":524,""OrderNo"":0,""StepNo"":524,""CarrierID"":0,""iResourceID"":0,""OrderPosition"":0,""PartNumber"":0}",{}
Exp20190124/dump_20190124_1102.sql,Exp20190124,tblPowerLog,"[""ResourceID"",""timeStamp"",""ActivePowerL1"",""Flow"",""Pressure""]",18084,0,0,0,2019-01-24T09:44:31.301000Z,2019-01-24T10:02:33.406000Z,"{""median_ms"":63,""p10_ms"":9,""p90_ms"":967}","[""ene1_2:CECC-LK"",""ene2_2:CECC-LK"",""ene3_2:CECC-LK"",""ene5_2:CECC-LK"",""ene6_2:CECC-LK"",""ene7_2:CECC-LK"",""ene8_2:CECC-LK""]","{""ResourceID"":0,""timeStamp"":0,""ActivePowerL1"":0,""Flow"":0,""Pressure"":0}","{""ActivePowerL1"":{""min"":11.004965782,""max"":90.751777649},""Flow"":{""min"":0.0,""max"":8.192395210266113},""Pressure"":{""min"":5.6495361328125,""max"":5.963000297546387}}"
Exp20190124/dump_20190124_1102.sql,Exp20190124,tblSensorsLog,"[""ResourceID"",""timeStamp"",""StationEntryxBG5"",""ReadyAtStationxBG1"",""DoneWorkingxBG9"",""StationExitxBG6""]",0,0,0,0,,,,[],"{""ResourceID"":0,""timeStamp"":0,""StationEntryxBG5"":0,""ReadyAtStationxBG1"":0,""DoneWorkingxBG9"":0,""StationExitxBG6"":0}",{}
Exp20190320/dump_20190320_1641.sql,Exp20190320,tblMachineReport,"[""ResourceID"",""timeStamp"",""Busy"",""RFIDTagPresent"",""Done""]",0,0,0,0,,,,[],"{""ResourceID"":0,""timeStamp"":0,""Busy"":0,""RFIDTagPresent"":0,""Done"":0}",{}
Exp20190320/dump_20190320_1641.sql,Exp20190320,tblOperationLog,"[""ResourceID"",""timeStamp"",""Busy"",""RFIDTagPresent"",""Done"",""StationEntryxBG5"",""ReadyAtStationxBG1"",""DoneWorkingxBG9"",""StationExitxBG6"",""OperationNo"",""WorkPlanNo"",""OrderNo"",""StepNo"",""CarrierID"",""iResourceID"",""OrderPosition"",""PartNumber""]",405,0,0,0,2019-03-20T14:45:33.954000Z,2019-03-20T15:03:48.603000Z,"{""median_ms"":533,""p10_ms"":4,""p90_ms"":4998}","[""mes10_3:plcManual"",""mes20_3:plcMagazineFront"",""mes30_3:plcDrillingCPS"",""mes60_3:plcCameraInspection"",""mes70_3:plcMagazineBack"",""mes80_3:plcPress""]","{""ResourceID"":0,""timeStamp"":0,""Busy"":0,""RFIDTagPresent"":0,""Done"":0,""StationEntryxBG5"":0,""ReadyAtStationxBG1"":0,""DoneWorkingxBG9"":405,""StationExitxBG6"":0,""OperationNo"":0,""WorkPlanNo"":405,""OrderNo"":0,""StepNo"":405,""CarrierID"":0,""iResourceID"":0,""OrderPosition"":0,""PartNumber"":0}",{}
Exp20190320/dump_20190320_1641.sql,Exp20190320,tblPowerLog,"[""ResourceID"",""timeStamp"",""ActivePowerL1"",""Flow"",""Pressure""]",57401,0,0,4,2019-03-20T14:26:46.988000Z,2019-03-20T15:41:12.810000Z,"{""median_ms"":83,""p10_ms"":8,""p90_ms"":993}","[""ene1_2:CECC-LK"",""ene2_2:CECC-LK"",""ene3_2:CECC-LK"",""ene6_2:CECC-LK"",""ene7_2:CECC-LK"",""ene8_2:CECC-LK""]","{""ResourceID"":0,""timeStamp"":0,""ActivePowerL1"":0,""Flow"":0,""Pressure"":0}","{""ActivePowerL1"":{""min"":38.922779083,""max"":88.992126465},""Flow"":{""min"":0.0,""max"":7.8190813064575195},""Pressure"":{""min"":5.638073921,""max"":5.934204102}}"
Exp20190320/dump_20190320_1641.sql,Exp20190320,tblSensorsLog,"[""ResourceID"",""timeStamp"",""StationEntryxBG5"",""ReadyAtStationxBG1"",""DoneWorkingxBG9"",""StationExitxBG6""]",0,0,0,0,,,,[],"{""ResourceID"":0,""timeStamp"":0,""StationEntryxBG5"":0,""ReadyAtStationxBG1"":0,""DoneWorkingxBG9"":0,""StationExitxBG6"":0}",{}
Exp20190320/dump_20190320_1718.sql,Exp20190320,tblMachineReport,"[""ResourceID"",""timeStamp"",""Busy"",""RFIDTagPresent"",""Done""]",0,0,0,0,,,,[],"{""ResourceID"":0,""timeStamp"":0,""Busy"":0,""RFIDTagPresent"":0,""Done"":0}",{}
Exp20190320/dump_20190320_1718.sql,Exp20190320,tblOperationLog,"[""ResourceID"",""timeStamp"",""Busy"",""RFIDTagPresent"",""Done"",""StationEntryxBG5"",""ReadyAtStationxBG1"",""DoneWorkingxBG9"",""StationExitxBG6"",""OperationNo"",""WorkPlanNo"",""OrderNo"",""StepNo"",""CarrierID"",""iResourceID"",""OrderPosition"",""PartNumber""]",727,0,0,0,2019-03-20T14:45:33.954000Z,2019-03-20T16:14:50.888000Z,"{""median_ms"":528,""p10_ms"":4,""p90_ms"":4009}","[""mes10_3:plcManual"",""mes20_3:plcMagazineFront"",""mes30_3:plcDrillingCPS"",""mes60_3:plcCameraInspection"",""mes70_3:plcMagazineBack"",""mes80_3:plcPress""]","{""ResourceID"":0,""timeStamp"":0,""Busy"":0,""RFIDTagPresent"":0,""Done"":0,""StationEntryxBG5"":0,""ReadyAtStationxBG1"":0,""DoneWorkingxBG9"":727,""StationExitxBG6"":0,""OperationNo"":0,""WorkPlanNo"":727,""OrderNo"":0,""StepNo"":727,""CarrierID"":0,""iResourceID"":0,""OrderPosition"":0,""PartNumber"":0}",{}
Exp20190320/dump_20190320_1718.sql,Exp20190320,tblPowerLog,"[""ResourceID"",""timeStamp"",""ActivePowerL1"",""Flow"",""Pressure""]",86189,0,0,6,2019-03-20T14:26:46.988000Z,2019-03-20T16:18:08.318000Z,"{""median_ms"":82,""p10_ms"":8,""p90_ms"":993}","[""ene1_2:CECC-LK"",""ene2_2:CECC-LK"",""ene3_2:CECC-LK"",""ene6_2:CECC-LK"",""ene7_2:CECC-LK"",""ene8_2:CECC-LK""]","{""ResourceID"":0,""timeStamp"":0,""ActivePowerL1"":0,""Flow"":0,""Pressure"":0}","{""ActivePowerL1"":{""min"":38.922779083,""max"":89.35293579101562},""Flow"":{""min"":0.0,""max"":7.8190813064575195},""Pressure"":{""min"":5.616369724,""max"":5.934204102}}"
Exp20190320/dump_20190320_1718.sql,Exp20190320,tblSensorsLog,"[""ResourceID"",""timeStamp"",""StationEntryxBG5"",""ReadyAtStationxBG1"",""DoneWorkingxBG9"",""StationExitxBG6""]",0,0,0,0,,,,[],"{""ResourceID"":0,""timeStamp"":0,""StationEntryxBG5"":0,""ReadyAtStationxBG1"":0,""DoneWorkingxBG9"":0,""StationExitxBG6"":0}",{}
Exp20190320/dump_20190320_1718_new.sql,Exp20190320,tblMachineReport,"[""ResourceID"",""timeStamp"",""Busy"",""RFIDTagPresent"",""Done""]",0,0,0,0,,,,[],"{""ResourceID"":0,""timeStamp"":0,""Busy"":0,""RFIDTagPresent"":0,""Done"":0}",{}
Exp20190320/dump_20190320_1718_new.sql,Exp20190320,tblOperationLog,"[""ResourceID"",""timeStamp"",""Busy"",""RFIDTagPresent"",""Done"",""StationEntryxBG5"",""ReadyAtStationxBG1"",""DoneWorkingxBG9"",""StationExitxBG6"",""OperationNo"",""WorkPlanNo"",""OrderNo"",""StepNo"",""CarrierID"",""iResourceID"",""OrderPosition"",""PartNumber""]",727,0,0,0,2019-03-20T14:45:33.954000Z,2019-03-20T16:14:50.888000Z,"{""median_ms"":528,""p10_ms"":4,""p90_ms"":4009}","[""mes10_3:plcManual"",""mes20_3:plcMagazineFront"",""mes30_3:plcDrillingCPS"",""mes60_3:plcCameraInspection"",""mes70_3:plcMagazineBack"",""mes80_3:plcPress""]","{""ResourceID"":0,""timeStamp"":0,""Busy"":0,""RFIDTagPresent"":0,""Done"":0,""StationEntryxBG5"":0,""ReadyAtStationxBG1"":0,""DoneWorkingxBG9"":727,""StationExitxBG6"":0,""OperationNo"":0,""WorkPlanNo"":727,""OrderNo"":0,""StepNo"":727,""CarrierID"":0,""iResourceID"":0,""OrderPosition"":0,""PartNumber"":0}",{}
Exp20190320/dump_20190320_1718_new.sql,Exp20190320,tblPowerLog,"[""ResourceID"",""timeStamp"",""ActivePowerL1"",""Flow"",""Pressure""]",86189,0,0,6,2019-03-20T14:26:46.988000Z,2019-03-20T16:18:08.318000Z,"{""median_ms"":82,""p10_ms"":8,""p90_ms"":993}","[""ene1_2:CECC-LK"",""ene2_2:CECC-LK"",""ene3_2:CECC-LK"",""ene6_2:CECC-LK"",""ene7_2:CECC-LK"",""ene8_2:CECC-LK""]","{""ResourceID"":0,""timeStamp"":0,""ActivePowerL1"":0,""Flow"":0,""Pressure"":0}","{""ActivePowerL1"":{""min"":38.922779083,""max"":89.35293579101562},""Flow"":{""min"":0.0,""max"":7.8190813064575195},""Pressure"":{""min"":5.616369724,""max"":5.934204102}}"
Exp20190320/dump_20190320_1718_new.sql,Exp20190320,tblSensorsLog,"[""ResourceID"",""timeStamp"",""StationEntryxBG5"",""ReadyAtStationxBG1"",""DoneWorkingxBG9"",""StationExitxBG6""]",0,0,0,0,,,,[],"{""ResourceID"":0,""timeStamp"":0,""StationEntryxBG5"":0,""ReadyAtStationxBG1"":0,""DoneWorkingxBG9"":0,""StationExitxBG6"":0}",{}
Exp20190416/dump_20190416_1004.sql,Exp20190416,tblMachineReport,"[""ResourceID"",""timeStamp"",""Busy"",""RFIDTagPresent"",""Done""]",0,0,0,0,,,,[],"{""ResourceID"":0,""timeStamp"":0,""Busy"":0,""RFIDTagPresent"":0,""Done"":0}",{}
Exp20190416/dump_20190416_1004.sql,Exp20190416,tblOperationLog,"[""ResourceID"",""timeStamp"",""Busy"",""RFIDTagPresent"",""Done"",""StationEntryxBG5"",""ReadyAtStationxBG1"",""DoneWorkingxBG9"",""StationExitxBG6"",""OperationNo"",""WorkPlanNo"",""OrderNo"",""StepNo"",""CarrierID"",""iResourceID"",""OrderPosition"",""PartNumber""]",308,0,0,0,2019-04-16T07:27:06.400000Z,2019-04-16T07:35:23.526000Z,"{""median_ms"":504.0,""p10_ms"":4,""p90_ms"":3007}","[""mes10_3:plcManual"",""mes20_3:plcMagazineFront"",""mes30_3:plcDrillingCPS"",""mes60_3:plcCameraInspection"",""mes70_3:plcMagazineBack"",""mes80_3:plcPress""]","{""ResourceID"":0,""timeStamp"":0,""Busy"":0,""RFIDTagPresent"":0,""Done"":0,""StationEntryxBG5"":0,""ReadyAtStationxBG1"":0,""DoneWorkingxBG9"":308,""StationExitxBG6"":0,""OperationNo"":0,""WorkPlanNo"":308,""OrderNo"":0,""StepNo"":308,""CarrierID"":0,""iResourceID"":0,""OrderPosition"":0,""PartNumber"":0}",{}
Exp20190416/dump_20190416_1004.sql,Exp20190416,tblPowerLog,"[""ResourceID"",""timeStamp"",""ActivePowerL1"",""Flow"",""Pressure""]",10905,0,0,2,2019-04-16T07:23:48.384000Z,2019-04-16T07:35:36.207000Z,"{""median_ms"":74.0,""p10_ms"":9,""p90_ms"":984}","[""ene1_2:CECC-LK"",""ene2_2:CECC-LK"",""ene3_2:CECC-LK"",""ene5_2:CECC-LK"",""ene6_2:CECC-LK"",""ene7_2:CECC-LK"",""ene8_2:CECC-LK""]","{""ResourceID"":0,""timeStamp"":0,""ActivePowerL1"":0,""Flow"":0,""Pressure"":0}","{""ActivePowerL1"":{""min"":11.023738861,""max"":90.335792542},""Flow"":{""min"":0.0,""max"":49.74663162231445},""Pressure"":{""min"":2.909863233566284,""max"":5.94769287109375}}"
Exp20190416/dump_20190416_1004.sql,Exp20190416,tblSensorsLog,"[""ResourceID"",""timeStamp"",""StationEntryxBG5"",""ReadyAtStationxBG1"",""DoneWorkingxBG9"",""StationExitxBG6""]",0,0,0,0,,,,[],"{""ResourceID"":0,""timeStamp"":0,""StationEntryxBG5"":0,""ReadyAtStationxBG1"":0,""DoneWorkingxBG9"":0,""StationExitxBG6"":0}",{}
Exp20190416/dump_20190416_1116.sql,Exp20190416,tblMachineReport,"[""ResourceID"",""timeStamp"",""Busy"",""RFIDTagPresent"",""Done""]",0,0,0,0,,,,[],"{""ResourceID"":0,""timeStamp"":0,""Busy"":0,""RFIDTagPresent"":0,""Done"":0}",{}
Exp20190416/dump_20190416_1116.sql,Exp20190416,tblOperationLog,"[""ResourceID"",""timeStamp"",""Busy"",""RFIDTagPresent"",""Done"",""StationEntryxBG5"",""ReadyAtStationxBG1"",""DoneWorkingxBG9"",""StationExitxBG6"",""OperationNo"",""WorkPlanNo"",""OrderNo"",""StepNo"",""CarrierID"",""iResourceID"",""OrderPosition"",""PartNumber""]",11916,0,0,3,2019-04-16T08:18:17.168000Z,2019-04-16T09:16:24.042000Z,"{""median_ms"":495,""p10_ms"":4,""p90_ms"":2510}","[""mes10_3:plcManual"",""mes20_3:plcMagazineFront"",""mes30_3:plcDrillingCPS"",""mes60_3:plcCameraInspection"",""mes70_3:plcMagazineBack"",""mes80_3:plcPress""]","{""ResourceID"":0,""timeStamp"":0,""Busy"":0,""RFIDTagPresent"":0,""Done"":0,""StationEntryxBG5"":0,""ReadyAtStationxBG1"":0,""DoneWorkingxBG9"":11916,""StationExitxBG6"":0,""OperationNo"":0,""WorkPlanNo"":11916,""OrderNo"":0,""StepNo"":11916,""CarrierID"":0,""iResourceID"":0,""OrderPosition"":0,""PartNumber"":0}",{}
Exp20190416/dump_20190416_1116.sql,Exp20190416,tblPowerLog,"[""ResourceID"",""timeStamp"",""ActivePowerL1"",""Flow"",""Pressure""]",64767,0,0,0,2019-04-16T08:16:40.121000Z,2019-04-16T09:16:24.418000Z,"{""median_ms"":53.5,""p10_ms"":6,""p90_ms"":972}","[""ene1_2:CECC-LK"",""ene2_2:CECC-LK"",""ene3_2:CECC-LK"",""ene5_2:CECC-LK"",""ene6_2:CECC-LK"",""ene7_2:CECC-LK"",""ene8_2:CECC-LK""]","{""ResourceID"":0,""timeStamp"":0,""ActivePowerL1"":0,""Flow"":0,""Pressure"":0}","{""ActivePowerL1"":{""min"":11.04268074,""max"":89.73324585},""Flow"":{""min"":0.0,""max"":6.679119110107422},""Pressure"":{""min"":5.679785251617432,""max"":5.942456245422363}}"
Exp20190416/dump_20190416_1116.sql,Exp20190416,tblSensorsLog,"[""ResourceID"",""timeStamp"",""StationEntryxBG5"",""ReadyAtStationxBG1"",""DoneWorkingxBG9"",""StationExitxBG6""]",0,0,0,0,,,,[],"{""ResourceID"":0,""timeStamp"":0,""StationEntryxBG5"":0,""ReadyAtStationxBG1"":0,""DoneWorkingxBG9"":0,""StationExitxBG6"":0}",{}
Exp20190416/dump_20190416_1116_new.sql,Exp20190416,tblMachineReport,"[""ResourceID"",""timeStamp"",""Busy"",""RFIDTagPresent"",""Done""]",0,0,0,0,,,,[],"{""ResourceID"":0,""timeStamp"":0,""Busy"":0,""RFIDTagPresent"":0,""Done"":0}",{}
Exp20190416/dump_20190416_1116_new.sql,Exp20190416,tblOperationLog,"[""ResourceID"",""timeStamp"",""Busy"",""RFIDTagPresent"",""Done"",""StationEntryxBG5"",""ReadyAtStationxBG1"",""DoneWorkingxBG9"",""StationExitxBG6"",""OperationNo"",""WorkPlanNo"",""OrderNo"",""StepNo"",""CarrierID"",""iResourceID"",""OrderPosition"",""PartNumber""]",11916,0,0,3,2019-04-16T08:18:17.168000Z,2019-04-16T09:16:24.042000Z,"{""median_ms"":495,""p10_ms"":4,""p90_ms"":2510}","[""mes10_3:plcManual"",""mes20_3:plcMagazineFront"",""mes30_3:plcDrillingCPS"",""mes60_3:plcCameraInspection"",""mes70_3:plcMagazineBack"",""mes80_3:plcPress""]","{""ResourceID"":0,""timeStamp"":0,""Busy"":0,""RFIDTagPresent"":0,""Done"":0,""StationEntryxBG5"":0,""ReadyAtStationxBG1"":0,""DoneWorkingxBG9"":11916,""StationExitxBG6"":0,""OperationNo"":0,""WorkPlanNo"":11916,""OrderNo"":0,""StepNo"":11916,""CarrierID"":0,""iResourceID"":0,""OrderPosition"":0,""PartNumber"":0}",{}
Exp20190416/dump_20190416_1116_new.sql,Exp20190416,tblPowerLog,"[""ResourceID"",""timeStamp"",""ActivePowerL1"",""Flow"",""Pressure""]",64767,0,0,0,2019-04-16T08:16:40.121000Z,2019-04-16T09:16:24.418000Z,"{""median_ms"":53.5,""p10_ms"":6,""p90_ms"":972}","[""ene1_2:CECC-LK"",""ene2_2:CECC-LK"",""ene3_2:CECC-LK"",""ene5_2:CECC-LK"",""ene6_2:CECC-LK"",""ene7_2:CECC-LK"",""ene8_2:CECC-LK""]","{""ResourceID"":0,""timeStamp"":0,""ActivePowerL1"":0,""Flow"":0,""Pressure"":0}","{""ActivePowerL1"":{""min"":11.04268074,""max"":89.73324585},""Flow"":{""min"":0.0,""max"":6.679119110107422},""Pressure"":{""min"":5.679785251617432,""max"":5.942456245422363}}"
Exp20190416/dump_20190416_1116_new.sql,Exp20190416,tblSensorsLog,"[""ResourceID"",""timeStamp"",""StationEntryxBG5"",""ReadyAtStationxBG1"",""DoneWorkingxBG9"",""StationExitxBG6""]",0,0,0,0,,,,[],"{""ResourceID"":0,""timeStamp"":0,""StationEntryxBG5"":0,""ReadyAtStationxBG1"":0,""DoneWorkingxBG9"":0,""StationExitxBG6"":0}",{}
Exp20190416/dump_20190416_1515.sql,Exp20190416,tblMachineReport,"[""ResourceID"",""timeStamp"",""Busy"",""RFIDTagPresent"",""Done""]",0,0,0,0,,,,[],"{""ResourceID"":0,""timeStamp"":0,""Busy"":0,""RFIDTagPresent"":0,""Done"":0}",{}
Exp20190416/dump_20190416_1515.sql,Exp20190416,tblOperationLog,"[""ResourceID"",""timeStamp"",""Busy"",""RFIDTagPresent"",""Done"",""StationEntryxBG5"",""ReadyAtStationxBG1"",""DoneWorkingxBG9"",""StationExitxBG6"",""OperationNo"",""WorkPlanNo"",""OrderNo"",""StepNo"",""CarrierID"",""iResourceID"",""OrderPosition"",""PartNumber""]",7631,0,0,1,2019-04-16T12:26:24.870000Z,2019-04-16T13:15:59.697000Z,"{""median_ms"":492.0,""p10_ms"":4,""p90_ms"":2505}","[""mes10_3:plcManual"",""mes20_3:plcMagazineFront"",""mes30_3:plcDrillingCPS"",""mes60_3:plcCameraInspection"",""mes70_3:plcMagazineBack"",""mes80_3:plcPress""]","{""ResourceID"":0,""timeStamp"":0,""Busy"":0,""RFIDTagPresent"":0,""Done"":0,""StationEntryxBG5"":0,""ReadyAtStationxBG1"":0,""DoneWorkingxBG9"":7631,""StationExitxBG6"":0,""OperationNo"":0,""WorkPlanNo"":7631,""OrderNo"":0,""StepNo"":7631,""CarrierID"":0,""iResourceID"":0,""OrderPosition"":0,""PartNumber"":0}",{}
Exp20190416/dump_20190416_1515.sql,Exp20190416,tblPowerLog,"[""ResourceID"",""timeStamp"",""ActivePowerL1"",""Flow"",""Pressure""]",50629,0,0,1,2019-04-16T12:22:31.759000Z,2019-04-16T13:16:00.418000Z,"{""median_ms"":54,""p10_ms"":6,""p90_ms"":970}","[""ene1_2:CECC-LK"",""ene2_2:CECC-LK"",""ene3_2:CECC-LK"",""ene5_2:CECC-LK"",""ene6_2:CECC-LK"",""ene7_2:CECC-LK"",""ene8_2:CECC-LK""]","{""ResourceID"":0,""timeStamp"":0,""ActivePowerL1"":0,""Flow"":0,""Pressure"":0}","{""ActivePowerL1"":{""min"":10.928794860839844,""max"":89.47325897216797},""Flow"":{""min"":0.0,""max"":7.064518452},""Pressure"":{""min"":5.693261623,""max"":5.942443848}}"
Exp20190416/dump_20190416_1515.sql,Exp20190416,tblSensorsLog,"[""ResourceID"",""timeStamp"",""StationEntryxBG5"",""ReadyAtStationxBG1"",""DoneWorkingxBG9"",""StationExitxBG6""]",0,0,0,0,,,,[],"{""ResourceID"":0,""timeStamp"":0,""StationEntryxBG5"":0,""ReadyAtStationxBG1"":0,""DoneWorkingxBG9"":0,""StationExitxBG6"":0}",{}
Exp20190416/dump_20190416_1630.sql,Exp20190416,tblMachineReport,"[""ResourceID"",""timeStamp"",""Busy"",""RFIDTagPresent"",""Done""]",0,0,0,0,,,,[],"{""ResourceID"":0,""timeStamp"":0,""Busy"":0,""RFIDTagPresent"":0,""Done"":0}",{}
Exp20190416/dump_20190416_1630.sql,Exp20190416,tblOperationLog,"[""ResourceID"",""timeStamp"",""Busy"",""RFIDTagPresent"",""Done"",""StationEntryxBG5"",""ReadyAtStationxBG1"",""DoneWorkingxBG9"",""StationExitxBG6"",""OperationNo"",""WorkPlanNo"",""OrderNo"",""StepNo"",""CarrierID"",""iResourceID"",""OrderPosition"",""PartNumber""]",1369,0,0,0,2019-04-16T13:28:49.117000Z,2019-04-16T14:28:22.560000Z,"{""median_ms"":502.0,""p10_ms"":4,""p90_ms"":3478}","[""mes10_3:plcManual"",""mes20_3:plcMagazineFront"",""mes30_3:plcDrillingCPS"",""mes50_3:plcRobotAssembly"",""mes60_3:plcCameraInspection"",""mes70_3:plcMagazineBack"",""mes80_3:plcPress""]","{""ResourceID"":0,""timeStamp"":0,""Busy"":0,""RFIDTagPresent"":0,""Done"":0,""StationEntryxBG5"":72,""ReadyAtStationxBG1"":72,""DoneWorkingxBG9"":1369,""StationExitxBG6"":72,""OperationNo"":0,""WorkPlanNo"":1369,""OrderNo"":0,""StepNo"":1369,""CarrierID"":0,""iResourceID"":0,""OrderPosition"":0,""PartNumber"":0}",{}
Exp20190416/dump_20190416_1630.sql,Exp20190416,tblPowerLog,"[""ResourceID"",""timeStamp"",""ActivePowerL1"",""Flow"",""Pressure""]",63185,0,0,6,2019-04-16T13:28:47.710000Z,2019-04-16T14:30:46.623000Z,"{""median_ms"":58.0,""p10_ms"":7,""p90_ms"":972}","[""ene1_2:CECC-LK"",""ene2_2:CECC-LK"",""ene3_2:CECC-LK"",""ene5_2:CECC-LK"",""ene6_2:CECC-LK"",""ene7_2:CECC-LK"",""ene8_2:CECC-LK""]","{""ResourceID"":0,""timeStamp"":0,""ActivePowerL1"":0,""Flow"":0,""Pressure"":0}","{""ActivePowerL1"":{""min"":10.991377830505371,""max"":88.84053039550781},""Flow"":{""min"":0.0,""max"":8.267716408},""Pressure"":{""min"":5.616833686828613,""max"":5.941479682922363}}"
Exp20190416/dump_20190416_1630.sql,Exp20190416,tblSensorsLog,"[""ResourceID"",""timeStamp"",""StationEntryxBG5"",""ReadyAtStationxBG1"",""DoneWorkingxBG9"",""StationExitxBG6""]",0,0,0,0,,,,[],"{""ResourceID"":0,""timeStamp"":0,""StationEntryxBG5"":0,""ReadyAtStationxBG1"":0,""DoneWorkingxBG9"":0,""StationExitxBG6"":0}",{}
Exp20190416/dump_20190416_1807.sql,Exp20190416,tblMachineReport,"[""ResourceID"",""timeStamp"",""Busy"",""RFIDTagPresent"",""Done""]",0,0,0,0,,,,[],"{""ResourceID"":0,""timeStamp"":0,""Busy"":0,""RFIDTagPresent"":0,""Done"":0}",{}
Exp20190416/dump_20190416_1807.sql,Exp20190416,tblOperationLog,"[""ResourceID"",""timeStamp"",""Busy"",""RFIDTagPresent"",""Done"",""StationEntryxBG5"",""ReadyAtStationxBG1"",""DoneWorkingxBG9"",""StationExitxBG6"",""OperationNo"",""WorkPlanNo"",""OrderNo"",""StepNo"",""CarrierID"",""iResourceID"",""OrderPosition"",""PartNumber""]",2160,0,0,3,2019-04-16T14:35:17.561000Z,2019-04-16T16:05:12.071000Z,"{""median_ms"":502.0,""p10_ms"":4,""p90_ms"":3474}","[""mes10_3:plcManual"",""mes20_3:plcMagazineFront"",""mes30_3:plcDrillingCPS"",""mes50_3:plcRobotAssembly"",""mes60_3:plcCameraInspection"",""mes70_3:plcMagazineBack"",""mes80_3:plcPress""]","{""ResourceID"":0,""timeStamp"":0,""Busy"":0,""RFIDTagPresent"":0,""Done"":0,""StationEntryxBG5"":106,""ReadyAtStationxBG1"":106,""DoneWorkingxBG9"":2160,""StationExitxBG6"":106,""OperationNo"":0,""WorkPlanNo"":2160,""OrderNo"":0,""StepNo"":2160,""CarrierID"":0,""iResourceID"":0,""OrderPosition"":0,""PartNumber"":0}",{}
Exp20190416/dump_20190416_1807.sql,Exp20190416,tblPowerLog,"[""ResourceID"",""timeStamp"",""ActivePowerL1"",""Flow"",""Pressure""]",96171,0,0,7,2019-04-16T14:34:39.298000Z,2019-04-16T16:07:54.493000Z,"{""median_ms"":58,""p10_ms"":7,""p90_ms"":971}","[""ene1_2:CECC-LK"",""ene2_2:CECC-LK"",""ene3_2:CECC-LK"",""ene5_2:CECC-LK"",""ene6_2:CECC-LK"",""ene7_2:CECC-LK"",""ene8_2:CECC-LK""]","{""ResourceID"":0,""timeStamp"":0,""ActivePowerL1"":0,""Flow"":0,""Pressure"":0}","{""ActivePowerL1"":{""min"":10.983764648,""max"":88.891067505},""Flow"":{""min"":0.0,""max"":7.785630703},""Pressure"":{""min"":5.610241889953613,""max"":5.939770698547363}}"
Exp20190416/dump_20190416_1807.sql,Exp20190416,tblSensorsLog,"[""ResourceID"",""timeStamp"",""StationEntryxBG5"",""ReadyAtStationxBG1"",""DoneWorkingxBG9"",""StationExitxBG6""]",0,0,0,0,,,,[],"{""ResourceID"":0,""timeStamp"":0,""StationEntryxBG5"":0,""ReadyAtStationxBG1"":0,""DoneWorkingxBG9"":0,""StationExitxBG6"":0}",{}
Exp20190416/dump_20190416_1807_new.sql,Exp20190416,tblMachineReport,"[""ResourceID"",""timeStamp"",""Busy"",""RFIDTagPresent"",""Done""]",0,0,0,0,,,,[],"{""ResourceID"":0,""timeStamp"":0,""Busy"":0,""RFIDTagPresent"":0,""Done"":0}",{}
Exp20190416/dump_20190416_1807_new.sql,Exp20190416,tblOperationLog,"[""ResourceID"",""timeStamp"",""Busy"",""RFIDTagPresent"",""Done"",""StationEntryxBG5"",""ReadyAtStationxBG1"",""DoneWorkingxBG9"",""StationExitxBG6"",""OperationNo"",""WorkPlanNo"",""OrderNo"",""StepNo"",""CarrierID"",""iResourceID"",""OrderPosition"",""PartNumber""]",2160,0,0,3,2019-04-16T14:35:17.561000Z,2019-04-16T16:05:12.071000Z,"{""median_ms"":502.0,""p10_ms"":4,""p90_ms"":3474}","[""mes10_3:plcManual"",""mes20_3:plcMagazineFront"",""mes30_3:plcDrillingCPS"",""mes50_3:plcRobotAssembly"",""mes60_3:plcCameraInspection"",""mes70_3:plcMagazineBack"",""mes80_3:plcPress""]","{""ResourceID"":0,""timeStamp"":0,""Busy"":0,""RFIDTagPresent"":0,""Done"":0,""StationEntryxBG5"":106,""ReadyAtStationxBG1"":106,""DoneWorkingxBG9"":2160,""StationExitxBG6"":106,""OperationNo"":0,""WorkPlanNo"":2160,""OrderNo"":0,""StepNo"":2160,""CarrierID"":0,""iResourceID"":0,""OrderPosition"":0,""PartNumber"":0}",{}
Exp20190416/dump_20190416_1807_new.sql,Exp20190416,tblPowerLog,"[""ResourceID"",""timeStamp"",""ActivePowerL1"",""Flow"",""Pressure""]",96171,0,0,7,2019-04-16T14:34:39.298000Z,2019-04-16T16:07:54.493000Z,"{""median_ms"":58,""p10_ms"":7,""p90_ms"":971}","[""ene1_2:CECC-LK"",""ene2_2:CECC-LK"",""ene3_2:CECC-LK"",""ene5_2:CECC-LK"",""ene6_2:CECC-LK"",""ene7_2:CECC-LK"",""ene8_2:CECC-LK""]","{""ResourceID"":0,""timeStamp"":0,""ActivePowerL1"":0,""Flow"":0,""Pressure"":0}","{""ActivePowerL1"":{""min"":10.983764648,""max"":88.891067505},""Flow"":{""min"":0.0,""max"":7.785630703},""Pressure"":{""min"":5.610241889953613,""max"":5.939770698547363}}"
Exp20190416/dump_20190416_1807_new.sql,Exp20190416,tblSensorsLog,"[""ResourceID"",""timeStamp"",""StationEntryxBG5"",""ReadyAtStationxBG1"",""DoneWorkingxBG9"",""StationExitxBG6""]",0,0,0,0,,,,[],"{""ResourceID"":0,""timeStamp"":0,""StationEntryxBG5"":0,""ReadyAtStationxBG1"":0,""DoneWorkingxBG9"":0,""StationExitxBG6"":0}",{}
Exp20190416/dump_20190416_1844.sql,Exp20190416,tblMachineReport,"[""ResourceID"",""timeStamp"",""Busy"",""RFIDTagPresent"",""Done""]",0,0,0,0,,,,[],"{""ResourceID"":0,""timeStamp"":0,""Busy"":0,""RFIDTagPresent"":0,""Done"":0}",{}
Exp20190416/dump_20190416_1844.sql,Exp20190416,tblOperationLog,"[""ResourceID"",""timeStamp"",""Busy"",""RFIDTagPresent"",""Done"",""StationEntryxBG5"",""ReadyAtStationxBG1"",""DoneWorkingxBG9"",""StationExitxBG6"",""OperationNo"",""WorkPlanNo"",""OrderNo"",""StepNo"",""CarrierID"",""iResourceID"",""OrderPosition"",""PartNumber""]",628,0,0,0,2019-04-16T16:15:33.802000Z,2019-04-16T16:44:05.986000Z,"{""median_ms"":504,""p10_ms"":4,""p90_ms"":3475}","[""mes10_3:plcManual"",""mes20_3:plcMagazineFront"",""mes30_3:plcDrillingCPS"",""mes50_3:plcRobotAssembly"",""mes60_3:plcCameraInspection"",""mes70_3:plcMagazineBack"",""mes80_3:plcPress""]","{""ResourceID"":0,""timeStamp"":0,""Busy"":0,""RFIDTagPresent"":0,""Done"":0,""StationEntryxBG5"":36,""ReadyAtStationxBG1"":36,""DoneWorkingxBG9"":628,""StationExitxBG6"":36,""OperationNo"":0,""WorkPlanNo"":628,""OrderNo"":0,""StepNo"":628,""CarrierID"":0,""iResourceID"":0,""OrderPosition"":0,""PartNumber"":0}",{}
Exp20190416/dump_20190416_1844.sql,Exp20190416,tblPowerLog,"[""ResourceID"",""timeStamp"",""ActivePowerL1"",""Flow"",""Pressure""]",30216,0,0,4,2019-04-16T16:15:31.257000Z,2019-04-16T16:44:47.452000Z,"{""median_ms"":59,""p10_ms"":7,""p90_ms"":970}","[""ene1_2:CECC-LK"",""ene2_2:CECC-LK"",""ene3_2:CECC-LK"",""ene5_2:CECC-LK"",""ene6_2:CECC-LK"",""ene7_2:CECC-LK"",""ene8_2:CECC-LK""]","{""ResourceID"":0,""timeStamp"":0,""ActivePowerL1"":0,""Flow"":0,""Pressure"":0}","{""ActivePowerL1"":{""min"":10.992410659790039,""max"":88.880134583},""Flow"":{""min"":0.0,""max"":7.024903774261475},""Pressure"":{""min"":5.61090087890625,""max"":5.938305855}}"
Exp20190416/dump_20190416_1844.sql,Exp20190416,tblSensorsLog,"[""ResourceID"",""timeStamp"",""StationEntryxBG5"",""ReadyAtStationxBG1"",""DoneWorkingxBG9"",""StationExitxBG6""]",0,0,0,0,,,,[],"{""ResourceID"":0,""timeStamp"":0,""StationEntryxBG5"":0,""ReadyAtStationxBG1"":0,""DoneWorkingxBG9"":0,""StationExitxBG6"":0}",{}
Exp20190514/dump_20190514_1122_new.sql,Exp20190514,tblMachineReport,"[""ResourceID"",""timeStamp"",""Busy"",""RFIDTagPresent"",""Done""]",0,0,0,0,,,,[],"{""ResourceID"":0,""timeStamp"":0,""Busy"":0,""RFIDTagPresent"":0,""Done"":0}",{}
Exp20190514/dump_20190514_1122_new.sql,Exp20190514,tblOperationLog,"[""ResourceID"",""timeStamp"",""Busy"",""RFIDTagPresent"",""Done"",""StationEntryxBG5"",""ReadyAtStationxBG1"",""DoneWorkingxBG9"",""StationExitxBG6"",""OperationNo"",""WorkPlanNo"",""OrderNo"",""StepNo"",""CarrierID"",""iResourceID"",""OrderPosition"",""PartNumber""]",1969,0,0,0,2019-05-14T07:36:18.338000Z,2019-05-14T09:20:08.778000Z,"{""median_ms"":511,""p10_ms"":4,""p90_ms"":3452}","[""mes10_3:plcManual"",""mes20_3:plcMagazineFront"",""mes30_3:plcDrillingCPS"",""mes60_3:plcCameraInspection"",""mes70_3:plcMagazineBack"",""mes80_3:plcPress""]","{""ResourceID"":0,""timeStamp"":0,""Busy"":0,""RFIDTagPresent"":0,""Done"":0,""StationEntryxBG5"":0,""ReadyAtStationxBG1"":0,""DoneWorkingxBG9"":1969,""StationExitxBG6"":0,""OperationNo"":0,""WorkPlanNo"":1969,""OrderNo"":0,""StepNo"":1969,""CarrierID"":0,""iResourceID"":0,""OrderPosition"":0,""PartNumber"":0}",{}
Exp20190514/dump_20190514_1122_new.sql,Exp20190514,tblPowerLog,"[""ResourceID"",""timeStamp"",""ActivePowerL1"",""Flow"",""Pressure""]",86064,0,0,3,2019-05-14T07:28:40.553000Z,2019-05-14T09:22:38.540000Z,"{""median_ms"":90,""p10_ms"":9,""p90_ms"":995}","[""ene1_2:CECC-LK"",""ene2_2:CECC-LK"",""ene3_2:CECC-LK"",""ene6_2:CECC-LK"",""ene7_2:CECC-LK"",""ene8_2:CECC-LK""]","{""ResourceID"":0,""timeStamp"":0,""ActivePowerL1"":0,""Flow"":0,""Pressure"":0}","{""ActivePowerL1"":{""min"":39.65672302246094,""max"":90.7750473022461},""Flow"":{""min"":0.0,""max"":7.7770257},""Pressure"":{""min"":0.0,""max"":6.079016208648682}}"
Exp20190514/dump_20190514_1122_new.sql,Exp20190514,tblSensorsLog,"[""ResourceID"",""timeStamp"",""StationEntryxBG5"",""ReadyAtStationxBG1"",""DoneWorkingxBG9"",""StationExitxBG6""]",0,0,0,0,,,,[],"{""ResourceID"":0,""timeStamp"":0,""StationEntryxBG5"":0,""ReadyAtStationxBG1"":0,""DoneWorkingxBG9"":0,""StationExitxBG6"":0}",{}
Exp20190514/dump_20190514_1302.sql,Exp20190514,tblMachineReport,"[""ResourceID"",""timeStamp"",""Busy"",""RFIDTagPresent"",""Done""]",0,0,0,0,,,,[],"{""ResourceID"":0,""timeStamp"":0,""Busy"":0,""RFIDTagPresent"":0,""Done"":0}",{}
Exp20190514/dump_20190514_1302.sql,Exp20190514,tblOperationLog,"[""ResourceID"",""timeStamp"",""Busy"",""RFIDTagPresent"",""Done"",""StationEntryxBG5"",""ReadyAtStationxBG1"",""DoneWorkingxBG9"",""StationExitxBG6"",""OperationNo"",""WorkPlanNo"",""OrderNo"",""StepNo"",""CarrierID"",""iResourceID"",""OrderPosition"",""PartNumber""]",2000,0,0,2,2019-05-14T09:25:29.280000Z,2019-05-14T10:59:41.996000Z,"{""median_ms"":503,""p10_ms"":5,""p90_ms"":3471}","[""mes10_3:plcManual"",""mes20_3:plcMagazineFront"",""mes30_3:plcDrillingCPS"",""mes50_3:plcRobotAssembly"",""mes60_3:plcCameraInspection"",""mes70_3:plcMagazineBack"",""mes80_3:plcPress""]","{""ResourceID"":0,""timeStamp"":0,""Busy"":0,""RFIDTagPresent"":0,""Done"":0,""StationEntryxBG5"":106,""ReadyAtStationxBG1"":106,""DoneWorkingxBG9"":2000,""StationExitxBG6"":106,""OperationNo"":0,""WorkPlanNo"":2000,""OrderNo"":0,""StepNo"":2000,""CarrierID"":0,""iResourceID"":0,""OrderPosition"":0,""PartNumber"":0}",{}
Exp20190514/dump_20190514_1302.sql,Exp20190514,tblPowerLog,"[""ResourceID"",""timeStamp"",""ActivePowerL1"",""Flow"",""Pressure""]",93969,0,0,7,2019-05-14T09:25:27.270000Z,2019-05-14T11:02:47.461000Z,"{""median_ms"":69,""p10_ms"":7,""p90_ms"":978}","[""ene1_2:CECC-LK"",""ene2_2:CECC-LK"",""ene3_2:CECC-LK"",""ene5_2:CECC-LK"",""ene6_2:CECC-LK"",""ene7_2:CECC-LK"",""ene8_2:CECC-LK""]","{""ResourceID"":0,""timeStamp"":0,""ActivePowerL1"":0,""Flow"":0,""Pressure"":0}","{""ActivePowerL1"":{""min"":10.98108196258545,""max"":88.74105835},""Flow"":{""min"":0.0,""max"":7.556797504425049},""Pressure"":{""min"":5.6253662109375,""max"":5.960253716}}"
Exp20190514/dump_20190514_1302.sql,Exp20190514,tblSensorsLog,"[""ResourceID"",""timeStamp"",""StationEntryxBG5"",""ReadyAtStationxBG1"",""DoneWorkingxBG9"",""StationExitxBG6""]",0,0,0,0,,,,[],"{""ResourceID"":0,""timeStamp"":0,""StationEntryxBG5"":0,""ReadyAtStationxBG1"":0,""DoneWorkingxBG9"":0,""StationExitxBG6"":0}",{}
Exp20190514/dump_20190514_1302_new.sql,Exp20190514,tblMachineReport,"[""ResourceID"",""timeStamp"",""Busy"",""RFIDTagPresent"",""Done""]",0,0,0,0,,,,[],"{""ResourceID"":0,""timeStamp"":0,""Busy"":0,""RFIDTagPresent"":0,""Done"":0}",{}
Exp20190514/dump_20190514_1302_new.sql,Exp20190514,tblOperationLog,"[""ResourceID"",""timeStamp"",""Busy"",""RFIDTagPresent"",""Done"",""StationEntryxBG5"",""ReadyAtStationxBG1"",""DoneWorkingxBG9"",""StationExitxBG6"",""OperationNo"",""WorkPlanNo"",""OrderNo"",""StepNo"",""CarrierID"",""iResourceID"",""OrderPosition"",""PartNumber""]",2000,0,0,2,2019-05-14T09:25:29.280000Z,2019-05-14T10:59:41.996000Z,"{""median_ms"":503,""p10_ms"":5,""p90_ms"":3471}","[""mes10_3:plcManual"",""mes20_3:plcMagazineFront"",""mes30_3:plcDrillingCPS"",""mes50_3:plcRobotAssembly"",""mes60_3:plcCameraInspection"",""mes70_3:plcMagazineBack"",""mes80_3:plcPress""]","{""ResourceID"":0,""timeStamp"":0,""Busy"":0,""RFIDTagPresent"":0,""Done"":0,""StationEntryxBG5"":106,""ReadyAtStationxBG1"":106,""DoneWorkingxBG9"":2000,""StationExitxBG6"":106,""OperationNo"":0,""WorkPlanNo"":2000,""OrderNo"":0,""StepNo"":2000,""CarrierID"":0,""iResourceID"":0,""OrderPosition"":0,""PartNumber"":0}",{}
Exp20190514/dump_20190514_1302_new.sql,Exp20190514,tblPowerLog,"[""ResourceID"",""timeStamp"",""ActivePowerL1"",""Flow"",""Pressure""]",93969,0,0,7,2019-05-14T09:25:27.270000Z,2019-05-14T11:02:47.461000Z,"{""median_ms"":69,""p10_ms"":7,""p90_ms"":978}","[""ene1_2:CECC-LK"",""ene2_2:CECC-LK"",""ene3_2:CECC-LK"",""ene5_2:CECC-LK"",""ene6_2:CECC-LK"",""ene7_2:CECC-LK"",""ene8_2:CECC-LK""]","{""ResourceID"":0,""timeStamp"":0,""ActivePowerL1"":0,""Flow"":0,""Pressure"":0}","{""ActivePowerL1"":{""min"":10.98108196258545,""max"":88.74105835},""Flow"":{""min"":0.0,""max"":7.556797504425049},""Pressure"":{""min"":5.6253662109375,""max"":5.960253716}}"
Exp20190514/dump_20190514_1302_new.sql,Exp20190514,tblSensorsLog,"[""ResourceID"",""timeStamp"",""StationEntryxBG5"",""ReadyAtStationxBG1"",""DoneWorkingxBG9"",""StationExitxBG6""]",0,0,0,0,,,,[],"{""ResourceID"":0,""timeStamp"":0,""StationEntryxBG5"":0,""ReadyAtStationxBG1"":0,""DoneWorkingxBG9"":0,""StationExitxBG6"":0}",{}
Exp20190617/dump_20190617_1130.sql,Exp20190617,tblMachineReport,"[""ResourceID"",""timeStamp"",""Busy"",""RFIDTagPresent"",""Done""]",0,0,0,0,,,,[],"{""ResourceID"":0,""timeStamp"":0,""Busy"":0,""RFIDTagPresent"":0,""Done"":0}",{}
Exp20190617/dump_20190617_1130.sql,Exp20190617,tblOperationLog,"[""ResourceID"",""timeStamp"",""Busy"",""RFIDTagPresent"",""Done"",""StationEntryxBG5"",""ReadyAtStationxBG1"",""DoneWorkingxBG9"",""StationExitxBG6"",""OperationNo"",""WorkPlanNo"",""OrderNo"",""StepNo"",""CarrierID"",""iResourceID"",""OrderPosition"",""PartNumber""]",2650,0,0,0,2019-06-17T08:03:29.236000Z,2019-06-17T09:26:45.054000Z,"{""median_ms"":495,""p10_ms"":4,""p90_ms"":3000}","[""mes10_3:plcManual"",""mes20_3:plcMagazineFront"",""mes30_3:plcDrillingCPS"",""mes50_3:plcRobotAssembly"",""mes60_3:plcCameraInspection"",""mes70_3:plcMagazineBack"",""mes80_3:plcPress""]","{""ResourceID"":0,""timeStamp"":0,""Busy"":0,""RFIDTagPresent"":0,""Done"":0,""StationEntryxBG5"":99,""ReadyAtStationxBG1"":99,""DoneWorkingxBG9"":2650,""StationExitxBG6"":99,""OperationNo"":0,""WorkPlanNo"":2650,""OrderNo"":0,""StepNo"":2650,""CarrierID"":0,""iResourceID"":0,""OrderPosition"":0,""PartNumber"":0}",{}
Exp20190617/dump_20190617_1130.sql,Exp20190617,tblPowerLog,"[""ResourceID"",""timeStamp"",""ActivePowerL1"",""Flow"",""Pressure""]",87037,0,0,47,2019-06-17T07:58:16.181000Z,2019-06-17T09:30:43.620000Z,"{""median_ms"":72,""p10_ms"":10,""p90_ms"":973}","[""ene1_2:CECC-LK"",""ene2_2:CECC-LK"",""ene3_2:CECC-LK"",""ene5_2:CECC-LK"",""ene6_2:CECC-LK"",""ene7_2:CECC-LK"",""ene8_2:CECC-LK""]","{""ResourceID"":0,""timeStamp"":0,""ActivePowerL1"":0,""Flow"":0,""Pressure"":0}","{""ActivePowerL1"":{""min"":10.974369049072266,""max"":89.460739136},""Flow"":{""min"":0.0,""max"":11.680893898010254},""Pressure"":{""min"":5.608166694641113,""max"":5.959387302398682}}"
Exp20190617/dump_20190617_1130.sql,Exp20190617,tblSensorsLog,"[""ResourceID"",""timeStamp"",""StationEntryxBG5"",""ReadyAtStationxBG1"",""DoneWorkingxBG9"",""StationExitxBG6""]",0,0,0,0,,,,[],"{""ResourceID"":0,""timeStamp"":0,""StationEntryxBG5"":0,""ReadyAtStationxBG1"":0,""DoneWorkingxBG9"":0,""StationExitxBG6"":0}",{}
Exp20190617/dump_20190617_1209.sql,Exp20190617,tblMachineReport,"[""ResourceID"",""timeStamp"",""Busy"",""RFIDTagPresent"",""Done""]",0,0,0,0,,,,[],"{""ResourceID"":0,""timeStamp"":0,""Busy"":0,""RFIDTagPresent"":0,""Done"":0}",{}
Exp20190617/dump_20190617_1209.sql,Exp20190617,tblOperationLog,"[""ResourceID"",""timeStamp"",""Busy"",""RFIDTagPresent"",""Done"",""StationEntryxBG5"",""ReadyAtStationxBG1"",""DoneWorkingxBG9"",""StationExitxBG6"",""OperationNo"",""WorkPlanNo"",""OrderNo"",""StepNo"",""CarrierID"",""iResourceID"",""OrderPosition"",""PartNumber""]",3749,0,0,0,2019-06-17T08:03:29.236000Z,2019-06-17T10:06:47.967000Z,"{""median_ms"":493.0,""p10_ms"":4,""p90_ms"":3004}","[""mes10_3:plcManual"",""mes20_3:plcMagazineFront"",""mes30_3:plcDrillingCPS"",""mes50_3:plcRobotAssembly"",""mes60_3:plcCameraInspection"",""mes70_3:plcMagazineBack"",""mes80_3:plcPress""]","{""ResourceID"":0,""timeStamp"":0,""Busy"":0,""RFIDTagPresent"":0,""Done"":0,""StationEntryxBG5"":159,""ReadyAtStationxBG1"":159,""DoneWorkingxBG9"":3749,""StationExitxBG6"":159,""OperationNo"":0,""WorkPlanNo"":3749,""OrderNo"":0,""StepNo"":3749,""CarrierID"":0,""iResourceID"":0,""OrderPosition"":0,""PartNumber"":0}",{}
Exp20190617/dump_20190617_1209.sql,Exp20190617,tblPowerLog,"[""ResourceID"",""timeStamp"",""ActivePowerL1"",""Flow"",""Pressure""]",123512,0,0,47,2019-06-17T07:58:16.181000Z,2019-06-17T10:09:15.405000Z,"{""median_ms"":72.0,""p10_ms"":10,""p90_ms"":973}","[""ene1_2:CECC-LK"",""ene2_2:CECC-LK"",""ene3_2:CECC-LK"",""ene5_2:CECC-LK"",""ene6_2:CECC-LK"",""ene7_2:CECC-LK"",""ene8_2:CECC-LK""]","{""ResourceID"":0,""timeStamp"":0,""ActivePowerL1"":0,""Flow"":0,""Pressure"":0}","{""ActivePowerL1"":{""min"":10.974369049072266,""max"":89.460739136},""Flow"":{""min"":0.0,""max"":11.680893898010254},""Pressure"":{""min"":5.608166694641113,""max"":5.959387302398682}}"
Exp20190617/dump_20190617_1209.sql,Exp20190617,tblSensorsLog,"[""ResourceID"",""timeStamp"",""StationEntryxBG5"",""ReadyAtStationxBG1"",""DoneWorkingxBG9"",""StationExitxBG6""]",0,0,0,0,,,,[],"{""ResourceID"":0,""timeStamp"":0,""StationEntryxBG5"":0,""ReadyAtStationxBG1"":0,""DoneWorkingxBG9"":0,""StationExitxBG6"":0}",{}
Exp20190617/dump_20190617_1209_new.sql,Exp20190617,tblMachineReport,"[""ResourceID"",""timeStamp"",""Busy"",""RFIDTagPresent"",""Done""]",0,0,0,0,,,,[],"{""ResourceID"":0,""timeStamp"":0,""Busy"":0,""RFIDTagPresent"":0,""Done"":0}",{}
Exp20190617/dump_20190617_1209_new.sql,Exp20190617,tblOperationLog,"[""ResourceID"",""timeStamp"",""Busy"",""RFIDTagPresent"",""Done"",""StationEntryxBG5"",""ReadyAtStationxBG1"",""DoneWorkingxBG9"",""StationExitxBG6"",""OperationNo"",""WorkPlanNo"",""OrderNo"",""StepNo"",""CarrierID"",""iResourceID"",""OrderPosition"",""PartNumber""]",3749,0,0,0,2019-06-17T08:03:29.236000Z,2019-06-17T10:06:47.967000Z,"{""median_ms"":493.0,""p10_ms"":4,""p90_ms"":3004}","[""mes10_3:plcManual"",""mes20_3:plcMagazineFront"",""mes30_3:plcDrillingCPS"",""mes50_3:plcRobotAssembly"",""mes60_3:plcCameraInspection"",""mes70_3:plcMagazineBack"",""mes80_3:plcPress""]","{""ResourceID"":0,""timeStamp"":0,""Busy"":0,""RFIDTagPresent"":0,""Done"":0,""StationEntryxBG5"":159,""ReadyAtStationxBG1"":159,""DoneWorkingxBG9"":3749,""StationExitxBG6"":159,""OperationNo"":0,""WorkPlanNo"":3749,""OrderNo"":0,""StepNo"":3749,""CarrierID"":0,""iResourceID"":0,""OrderPosition"":0,""PartNumber"":0}",{}
Exp20190617/dump_20190617_1209_new.sql,Exp20190617,tblPowerLog,"[""ResourceID"",""timeStamp"",""ActivePowerL1"",""Flow"",""Pressure""]",123512,0,0,47,2019-06-17T07:58:16.181000Z,2019-06-17T10:09:15.405000Z,"{""median_ms"":72.0,""p10_ms"":10,""p90_ms"":973}","[""ene1_2:CECC-LK"",""ene2_2:CECC-LK"",""ene3_2:CECC-LK"",""ene5_2:CECC-LK"",""ene6_2:CECC-LK"",""ene7_2:CECC-LK"",""ene8_2:CECC-LK""]","{""ResourceID"":0,""timeStamp"":0,""ActivePowerL1"":0,""Flow"":0,""Pressure"":0}","{""ActivePowerL1"":{""min"":10.974369049072266,""max"":89.460739136},""Flow"":{""min"":0.0,""max"":11.680893898010254},""Pressure"":{""min"":5.608166694641113,""max"":5.959387302398682}}"
Exp20190617/dump_20190617_1209_new.sql,Exp20190617,tblSensorsLog,"[""ResourceID"",""timeStamp"",""StationEntryxBG5"",""ReadyAtStationxBG1"",""DoneWorkingxBG9"",""StationExitxBG6""]",0,0,0,0,,,,[],"{""ResourceID"":0,""timeStamp"":0,""StationEntryxBG5"":0,""ReadyAtStationxBG1"":0,""DoneWorkingxBG9"":0,""StationExitxBG6"":0}",{}
Exp20190617/dump_20190617_1429.sql,Exp20190617,tblMachineReport,"[""ResourceID"",""timeStamp"",""Busy"",""RFIDTagPresent"",""Done""]",0,0,0,0,,,,[],"{""ResourceID"":0,""timeStamp"":0,""Busy"":0,""RFIDTagPresent"":0,""Done"":0}",{}
Exp20190617/dump_20190617_1429.sql,Exp20190617,tblOperationLog,"[""ResourceID"",""timeStamp"",""Busy"",""RFIDTagPresent"",""Done"",""StationEntryxBG5"",""ReadyAtStationxBG1"",""DoneWorkingxBG9"",""StationExitxBG6"",""OperationNo"",""WorkPlanNo"",""OrderNo"",""StepNo"",""CarrierID"",""iResourceID"",""OrderPosition"",""PartNumber""]",594,0,0,1,2019-06-17T11:59:34.515000Z,2019-06-17T12:27:56.019000Z,"{""median_ms"":500.0,""p10_ms"":4,""p90_ms"":3037}","[""mes10_3:plcManual"",""mes20_3:plcMagazineFront"",""mes30_3:plcDrillingCPS"",""mes50_3:plcRobotAssembly"",""mes60_3:plcCameraInspection"",""mes70_3:plcMagazineBack"",""mes80_3:plcPress""]","{""ResourceID"":0,""timeStamp"":0,""Busy"":0,""RFIDTagPresent"":0,""Done"":0,""StationEntryxBG5"":23,""ReadyAtStationxBG1"":23,""DoneWorkingxBG9"":594,""StationExitxBG6"":23,""OperationNo"":0,""WorkPlanNo"":594,""OrderNo"":0,""StepNo"":594,""CarrierID"":0,""iResourceID"":0,""OrderPosition"":0,""PartNumber"":0}",{}
Exp20190617/dump_20190617_1429.sql,Exp20190617,tblPowerLog,"[""ResourceID"",""timeStamp"",""ActivePowerL1"",""Flow"",""Pressure""]",27952,0,0,2,2019-06-17T11:59:31.348000Z,2019-06-17T12:29:49.863000Z,"{""median_ms"":74,""p10_ms"":10,""p90_ms"":972}","[""ene1_2:CECC-LK"",""ene2_2:CECC-LK"",""ene3_2:CECC-LK"",""ene5_2:CECC-LK"",""ene6_2:CECC-LK"",""ene7_2:CECC-LK"",""ene8_2:CECC-LK""]","{""ResourceID"":0,""timeStamp"":0,""ActivePowerL1"":0,""Flow"":0,""Pressure"":0}","{""ActivePowerL1"":{""min"":11.006048202514648,""max"":88.31329345703125},""Flow"":{""min"":0.0,""max"":7.872427464},""Pressure"":{""min"":5.430505275726318,""max"":5.955798149108887}}"
Exp20190617/dump_20190617_1429.sql,Exp20190617,tblSensorsLog,"[""ResourceID"",""timeStamp"",""StationEntryxBG5"",""ReadyAtStationxBG1"",""DoneWorkingxBG9"",""StationExitxBG6""]",0,0,0,0,,,,[],"{""ResourceID"":0,""timeStamp"":0,""StationEntryxBG5"":0,""ReadyAtStationxBG1"":0,""DoneWorkingxBG9"":0,""StationExitxBG6"":0}",{}
