table,experiment_id,station_id,station_name,session_id,observations,first_timestamp_utc,last_timestamp_utc,duration_seconds,observations_per_second,delta_mean_ms,delta_std_ms,delta_min_ms,delta_p01_ms,delta_p10_ms,delta_p25_ms,delta_p50_ms,delta_p75_ms,delta_p90_ms,delta_p95_ms,delta_p99_ms,delta_max_ms,zero_delta_count,negative_delta_count_after_canonical_sort,burst_gap_count_le_100ms
tblPowerLog,Exp20190124,10,Manual,Exp20190124-S10-001,1839,2019-01-24 09:17:10.404000+00:00,2019-01-24 09:31:03.411000+00:00,833.007,2.2076645214265906,453.21381936887923,463.53088730831513,1.0,2.0,9.0,22.0,76.0,950.0,991.0,1024.1499999999999,1060.0,1310.0,0,0,993
tblPowerLog,Exp20190124,10,Manual,Exp20190124-S10-002,23,2019-01-24 09:47:32.334000+00:00,2019-01-24 09:47:41.374000+00:00,9.04,2.5442477876106198,410.90909090909093,473.47377954161294,8.0,8.0,9.1,18.75,46.5,946.5,974.0,976.9,1088.3899999999999,1118.0,0,0,13
tblPowerLog,Exp20190124,10,Manual,Exp20190124-S10-003,1381,2019-01-24 09:50:00.290000+00:00,2019-01-24 10:00:23.316000+00:00,623.026,2.2166009123214763,451.468115942029,458.43789972271765,1.0,3.0,13.0,28.0,74.0,949.0,970.0,1004.05,1043.42,1087.0,0,0,753
tblPowerLog,Exp20190124,10,Manual,,1921,2019-01-24 09:13:21.694000+00:00,2019-01-24 10:02:33.406000+00:00,2951.712,0.6508087509892564,1537.35,26535.1721550271,1.0,2.0,14.0,32.75,855.0,956.0,995.0,1031.05,1069.4299999999998,834822.0,0,0,934
tblPowerLog,Exp20190124,20,MagazineFront,Exp20190124-S20-001,1685,2019-01-24 09:17:21.180000+00:00,2019-01-24 09:31:04.165000+00:00,822.985,2.047424922689964,488.708432304038,462.2779101528077,1.0,2.0,12.0,31.0,104.0,951.0,992.7,1035.0,1072.5300000000007,1158.0,0,0,837
tblPowerLog,Exp20190124,20,MagazineFront,Exp20190124-S20-002,43,2019-01-24 09:47:42.170000+00:00,2019-01-24 09:47:59.165000+00:00,16.995,2.5301559282141803,404.64285714285717,467.17907056301806,1.0,1.4100000000000001,7.200000000000001,18.25,48.0,940.25,969.6,1048.8,1067.08,1072.0,0,0,25
tblPowerLog,Exp20190124,20,MagazineFront,Exp20190124-S20-003,890,2019-01-24 09:50:26.202000+00:00,2019-01-24 09:57:38.192000+00:00,431.99,2.060232875761013,485.92800899887516,462.4915088002809,1.0,2.0,14.0,32.0,92.0,952.0,976.2,1034.1999999999998,1059.3600000000001,1088.0,0,0,449
tblPowerLog,Exp20190124,20,MagazineFront,,2268,2019-01-24 09:13:22.177000+00:00,2019-01-24 10:02:33.173000+00:00,2950.996,0.7685540746242964,1301.718570798412,22370.75058565141,1.0,2.0,14.0,34.0,881.0,953.0,1000.0,1042.0,1100.0,824951.0,0,0,1087
tblPowerLog,Exp20190124,30,DrillingCPS,Exp20190124-S30-001,2198,2019-01-24 09:17:37.513000+00:00,2019-01-24 09:29:50.576000+00:00,733.063,2.9983780384496286,333.66545289030495,434.515143971487,1.0,2.0,6.0,15.0,38.0,923.0,958.0,973.0,1050.0,1157.0,0,0,1453
tblPowerLog,Exp20190124,30,DrillingCPS,Exp20190124-S30-002,1760,2019-01-24 09:47:58.517000+00:00,2019-01-24 09:57:47.531000+00:00,589.014,2.9880444267878183,334.85730528709496,437.05064307191185,1.0,1.0,4.800000000000011,13.0,36.0,928.0,958.0,969.0999999999999,1048.2600000000002,1108.0,0,0,1163
tblPowerLog,Exp20190124,30,DrillingCPS,,3285,2019-01-24 09:13:21.693000+00:00,2019-01-24 10:02:32.586000+00:00,2950.893,1.1132223364249398,898.5666869671132,18757.193115816597,1.0,2.0,5.0,14.0,39.0,924.0,959.0,974.0,1050.0,735098.0,0,0,2154
tblPowerLog,Exp20190124,50,RobotAssembly,Exp20190124-S50-001,1230,2019-01-24 09:20:36.123000+00:00,2019-01-24 09:27:27.155000+00:00,411.032,2.9924677397380255,334.44426362896667,430.10979909427857,1.0,2.0,7.0,17.0,41.0,912.0,954.0,970.5999999999999,1050.3600000000004,1146.0,0,0,802
tblPowerLog,Exp20190124,50,RobotAssembly,Exp20190124-S50-002,1513,2019-01-24 09:48:50.077000+00:00,2019-01-24 09:57:16.081000+00:00,506.004,2.9900949399609487,334.6587301587302,431.95209393232807,1.0,1.1099999999999994,7.0,17.0,41.0,919.0,956.0,970.0,1052.7800000000002,1141.0,0,0,994
tblPowerLog,Exp20190124,50,RobotAssembly,,4453,2019-01-24 09:13:22.218000+00:00,2019-01-24 10:02:33.141000+00:00,2950.923,1.5090193813935506,662.8308625336928,12497.948161336715,1.0,1.0,8.0,17.0,48.0,915.0,955.0,969.0,1052.0,517122.0,0,0,2879
tblPowerLog,Exp20190124,60,CameraInspection,Exp20190124-S60-001,1639,2019-01-24 09:18:05.380000+00:00,2019-01-24 09:30:17.399000+00:00,732.019,2.2390129217957457,446.8980463980464,461.8670470989858,1.0,2.0,10.0,22.0,76.0,946.0,986.3,1034.1499999999999,1070.6299999999999,1300.0,0,0,894
tblPowerLog,Exp20190124,60,CameraInspection,Exp20190124-S60-002,1157,2019-01-24 09:50:37.382000+00:00,2019-01-24 09:59:15.377000+00:00,517.995,2.233612293554957,448.09256055363323,463.66990338376945,1.0,2.0,10.0,22.0,69.5,950.0,983.0,1025.0,1061.45,1125.0,0,0,633
tblPowerLog,Exp20190124,60,CameraInspection,,2397,2019-01-24 09:13:21.693000+00:00,2019-01-24 10:02:33.377000+00:00,2951.684,0.8120787997631183,1231.9215358931554,21166.81019728457,1.0,2.0,14.0,33.0,104.5,953.0,987.0,1036.0,1069.0,734011.0,0,0,1194
tblPowerLog,Exp20190124,70,MagazineBack,Exp20190124-S70-001,1546,2019-01-24 09:18:15.264000+00:00,2019-01-24 09:30:27.350000+00:00,732.086,2.111773753356846,473.84207119741103,461.3108065886817,1.0,2.0,12.0,30.0,89.0,954.0,980.0,1021.0,1060.56,1393.0,0,0,788
tblPowerLog,Exp20190124,70,MagazineBack,Exp20190124-S70-002,1128,2019-01-24 09:50:51.225000+00:00,2019-01-24 09:59:32.249000+00:00,521.024,2.1649674487163737,462.3105590062112,460.73502680383694,1.0,2.0,13.0,27.0,88.0,946.0,976.4,1041.0,1070.74,1146.0,0,0,589
tblPowerLog,Exp20190124,70,MagazineBack,,2369,2019-01-24 09:13:22.268000+00:00,2019-01-24 10:02:33.272000+00:00,2951.004,0.8027776309350987,1246.2010135135135,21329.93840662027,1.0,2.6700000000000017,14.0,33.0,137.0,952.0,999.0,1043.0,1077.6599999999999,733986.0,0,0,1150
tblPowerLog,Exp20190124,80,Press,Exp20190124-S80-001,1782,2019-01-24 09:18:25.958000+00:00,2019-01-24 09:30:37.977000+00:00,732.019,2.434363042489334,411.0157215047726,456.3265226329864,1.0,2.0,9.0,18.0,61.0,941.0,968.0,1021.0,1060.0,1188.0,0,0,1038
tblPowerLog,Exp20190124,80,Press,Exp20190124-S80-002,1312,2019-01-24 09:51:07.962000+00:00,2019-01-24 09:59:51.964000+00:00,524.002,2.503807237376957,399.6964149504195,455.3492872670589,1.0,2.0,8.0,17.5,55.0,945.0,964.0,1004.0,1060.9,1103.0,0,0,781
tblPowerLog,Exp20190124,80,Press,,2468,2019-01-24 09:13:22.021000+00:00,2019-01-24 10:02:33.015000+00:00,2950.994,0.8363283693562237,1196.1872719902715,20931.664481239484,1.0,2.0,12.0,26.0,84.0,951.0,980.0,1040.0,1064.0,734027.0,0,0,1283
tblPowerLog,Exp20190320,10,Manual,Exp20190320-S10-001,1676,2019-03-20 14:45:34.193000+00:00,2019-03-20 14:59:02.357000+00:00,808.164,2.073836498532476,482.4859701492537,462.10141559152964,1.0,1.0,10.0,32.0,98.0,953.0,992.0,1028.3,1074.78,1125.0,0,0,843
tblPowerLog,Exp20190320,10,Manual,Exp20190320-S10-002,42,2019-03-20 15:03:28.294000+00:00,2019-03-20 15:03:48.383000+00:00,20.089,2.090696401015481,489.9756097560976,482.8583378075229,1.0,1.8,7.0,18.0,74.0,956.0,1026.0,1042.0,1085.6000000000001,1110.0,0,0,21
tblPowerLog,Exp20190320,10,Manual,Exp20190320-S10-003,1176,2019-03-20 16:05:54.189000+00:00,2019-03-20 16:14:50.245000+00:00,536.056,2.1938006476935246,456.2178723404255,460.6352496724326,1.0,1.7400000000000002,9.0,25.0,79.0,949.0,985.6000000000001,1015.3,1051.78,1124.0,0,0,620
tblPowerLog,Exp20190320,10,Manual,,10396,2019-03-20 14:26:47.068000+00:00,2019-03-20 16:18:08.183000+00:00,6681.115,1.5560276989694086,642.7239057239058,9544.870402541324,1.0,2.0,11.0,31.0,872.0,958.0,1002.0,1038.0,1076.0,810195.0,0,0,4924
tblPowerLog,Exp20190320,20,MagazineFront,Exp20190320-S20-001,1138,2019-03-20 14:45:40.662000+00:00,2019-03-20 14:55:02.866000+00:00,562.204,2.0241762776501058,494.4626209322779,470.3775703419549,1.0,2.0,7.0,22.0,103.0,959.0,1014.4,1040.0,1073.64,1142.0,0,0,568
tblPowerLog,Exp20190320,20,MagazineFront,Exp20190320-S20-002,98,2019-03-20 14:59:02.759000+00:00,2019-03-20 14:59:47.838000+00:00,45.079,2.1739612679961846,464.7319587628866,469.7033974458402,2.0,2.96,11.0,21.0,68.0,948.0,1005.8000000000001,1036.1999999999998,1073.0799999999997,1099.0,0,0,50
tblPowerLog,Exp20190320,20,MagazineFront,Exp20190320-S20-003,892,2019-03-20 16:06:02.716000+00:00,2019-03-20 16:13:17.797000+00:00,435.081,2.0501929525766465,488.3063973063973,470.12066745705243,1.0,2.0,9.0,21.0,92.0,958.0,1006.0,1035.0,1072.1,1187.0,0,0,451
tblPowerLog,Exp20190320,20,MagazineFront,,10978,2019-03-20 14:26:47.084000+00:00,2019-03-20 16:18:07.747000+00:00,6680.663,1.6432500786224362,608.6055388539673,6834.584502258465,1.0,2.0,9.0,28.0,896.0,960.0,1007.3999999999996,1037.0,1069.2399999999998,564216.0,0,0,5249
tblPowerLog,Exp20190320,30,DrillingCPS,Exp20190320-S30-001,845,2019-03-20 14:50:40.024000+00:00,2019-03-20 14:55:22.128000+00:00,282.104,2.9953492329070133,334.2464454976303,437.02229061034876,1.0,1.0,4.0,10.0,38.0,922.25,961.0,983.0,1059.2699999999993,1167.0,0,0,551
tblPowerLog,Exp20190320,30,DrillingCPS,Exp20190320-S30-002,61,2019-03-20 14:59:46.073000+00:00,2019-03-20 15:00:06.092000+00:00,20.019,3.047105250012488,333.65,451.0428152475557,1.0,1.0,3.0,6.75,24.0,931.5,982.4,1008.35,1039.25,1054.0,0,0,39
tblPowerLog,Exp20190320,30,DrillingCPS,Exp20190320-S30-003,827,2019-03-20 16:06:19.098000+00:00,2019-03-20 16:10:55.059000+00:00,275.961,2.9968002725022735,334.09322033898303,434.9634994397686,1.0,1.0,4.0,12.0,43.0,918.75,960.5,992.0,1055.5,1094.0,0,0,546
tblPowerLog,Exp20190320,30,DrillingCPS,,17947,2019-03-20 14:26:47.467000+00:00,2019-03-20 16:18:08.024000+00:00,6680.557,2.6864526415985974,372.25883205171067,2999.2834079120635,1.0,1.0,4.0,12.0,40.0,924.0,963.0,993.0,1052.0,283972.0,0,0,11661
tblPowerLog,Exp20190320,60,CameraInspection,Exp20190320-S60-001,590,2019-03-20 14:53:20.652000+00:00,2019-03-20 14:57:54.661000+00:00,274.009,2.1532139455273365,465.2105263157895,464.56390547475877,1.0,2.0,8.800000000000004,26.0,84.0,953.0,986.8000000000002,1031.0,1054.6,1138.0,0,0,307
tblPowerLog,Exp20190320,60,CameraInspection,Exp20190320-S60-002,29,2019-03-20 15:02:24.632000+00:00,2019-03-20 15:02:36.586000+00:00,11.954,2.425966203781161,426.92857142857144,471.19870217480116,1.0,1.27,11.200000000000001,21.25,52.0,946.25,979.9,1001.35,1041.58,1054.0,0,0,16
tblPowerLog,Exp20190320,60,CameraInspection,Exp20190320-S60-003,610,2019-03-20 16:08:59.569000+00:00,2019-03-20 16:13:25.596000+00:00,266.027,2.293000334552508,436.8259441707718,459.52453536466226,1.0,2.0,6.0,18.0,74.0,944.0,988.2,1031.0,1069.6799999999998,1176.0,0,0,325
tblPowerLog,Exp20190320,60,CameraInspection,,12083,2019-03-20 14:26:47.067000+00:00,2019-03-20 16:18:07.573000+00:00,6680.506,1.8086953293657695,552.9304750869061,3525.784425281614,1.0,2.0,10.0,30.0,867.0,955.0,1006.0,1040.0,1077.0,275949.0,0,0,5802
tblPowerLog,Exp20190320,70,MagazineBack,Exp20190320-S70-001,571,2019-03-20 14:53:33.385000+00:00,2019-03-20 14:58:10.443000+00:00,277.058,2.0609403085274565,486.06666666666666,467.41612870707894,1.0,3.0,9.900000000000006,26.0,95.0,956.0,993.0,1039.0,1094.31,1147.0,0,0,289
tblPowerLog,Exp20190320,70,MagazineBack,Exp20190320-S70-002,42,2019-03-20 15:02:37.411000+00:00,2019-03-20 15:02:53.434000+00:00,16.023,2.6212319790301444,390.8048780487805,465.8863176522892,3.0,3.0,8.0,14.0,40.0,953.0,981.0,1040.0,1059.6000000000001,1072.0,0,0,25
tblPowerLog,Exp20190320,70,MagazineBack,Exp20190320-S70-003,573,2019-03-20 16:09:12.337000+00:00,2019-03-20 16:13:42.342000+00:00,270.005,2.1221829225384714,472.0367132867133,464.8907903863296,1.0,1.0,9.0,26.75,86.0,952.0,986.0,1022.0,1062.1599999999999,1127.0,0,0,294
tblPowerLog,Exp20190320,70,MagazineBack,,11958,2019-03-20 14:26:46.988000+00:00,2019-03-20 16:18:08.318000+00:00,6681.33,1.7897634153678983,558.779794262775,3589.7819309688152,1.0,2.0,10.0,29.0,889.0,958.0,1004.0,1038.0,1075.0,278933.0,0,0,5744
tblPowerLog,Exp20190320,80,Press,Exp20190320-S80-001,660,2019-03-20 14:53:50.714000+00:00,2019-03-20 14:58:31.772000+00:00,281.058,2.348269752150802,426.4916540212443,457.27737736985296,1.0,2.0,7.0,18.0,74.0,942.5,982.4000000000001,1017.1,1082.1399999999994,1120.0,0,0,356
tblPowerLog,Exp20190320,80,Press,Exp20190320-S80-002,49,2019-03-20 15:02:53.714000+00:00,2019-03-20 15:03:13.706000+00:00,19.992,2.4509803921568625,416.5,467.0880367152997,1.0,1.0,3.4000000000000004,15.5,64.0,938.5,995.6,1002.9,1088.1100000000001,1129.0,0,0,28
tblPowerLog,Exp20190320,80,Press,Exp20190320-S80-003,682,2019-03-20 16:09:29.636000+00:00,2019-03-20 16:14:02.646000+00:00,273.01,2.498076993516721,400.8957415565345,451.5349924516477,1.0,1.0,7.0,19.0,60.0,938.0,971.0,1006.0,1061.0000000000002,1125.0,0,0,398
tblPowerLog,Exp20190320,80,Press,,12266,2019-03-20 14:26:47.090000+00:00,2019-03-20 16:18:07.621000+00:00,6680.531,1.8360815929152938,544.6825112107623,3590.8093211506753,1.0,2.0,11.0,32.0,145.0,953.0,999.0,1034.0,1075.0,282945.0,0,0,5947
tblPowerLog,Exp20190416,10,Manual,Exp20190416-S10-001,1002,2019-04-16 07:27:06.671000+00:00,2019-04-16 07:35:12.951000+00:00,486.28,2.060541251953607,485.79420579420577,466.4780783771019,1.0,2.0,11.0,26.0,92.0,955.0,995.0,1033.0,1069.0,1141.0,0,0,508
tblPowerLog,Exp20190416,10,Manual,Exp20190416-S10-002,8493,2019-04-16 08:18:17.956000+00:00,2019-04-16 09:16:23.846000+00:00,3485.89,2.4363935752419037,410.4910504003768,454.8028748440527,1.0,1.0,6.0,18.0,66.0,936.0,983.0,1020.4499999999998,1076.0900000000001,2364.0,0,0,4835
tblPowerLog,Exp20190416,10,Manual,Exp20190416-S10-003,30414,2019-04-16 12:26:25.773000+00:00,2019-04-16 16:44:05.169000+00:00,15459.396,1.9673472365932019,508.3153914444481,5312.156978911989,1.0,2.0,9.0,22.0,78.0,951.0,983.0,1035.0,1065.0,768014.0,0,0,16184
tblPowerLog,Exp20190416,10,Manual,,1149,2019-04-16 07:23:48.627000+00:00,2019-04-16 16:44:47.141000+00:00,33658.514,0.034136979428147064,29319.26306620209,632719.8404737397,1.0,2.0,13.0,32.75,863.0,957.0,1003.3,1041.6499999999999,1091.06,15461305.0,0,0,550
tblPowerLog,Exp20190416,20,MagazineFront,Exp20190416-S20-001,836,2019-04-16 07:28:37.651000+00:00,2019-04-16 07:35:22.998000+00:00,405.347,2.062430460815055,485.4455089820359,466.93331145990186,1.0,2.0,9.400000000000006,24.0,98.0,951.0,1004.0,1050.3,1086.6399999999999,1200.0,0,0,419
tblPowerLog,Exp20190416,20,MagazineFront,Exp20190416-S20-002,7446,2019-04-16 08:18:25.713000+00:00,2019-04-16 09:16:22.725000+00:00,3477.012,2.1414939033860105,467.0264607118872,464.7208374014498,1.0,2.0,10.0,24.0,82.0,952.0,985.0,1033.0,1069.0,2190.0,0,0,3887
tblPowerLog,Exp20190416,20,MagazineFront,Exp20190416-S20-003,25,2019-04-16 12:26:33.013000+00:00,2019-04-16 12:26:43.085000+00:00,10.072,2.482128673550437,419.6666666666667,480.15818649479576,1.0,1.23,6.200000000000001,14.5,40.5,958.5,1023.0,1040.95,1059.71,1065.0,0,0,13
tblPowerLog,Exp20190416,20,MagazineFront,Exp20190416-S20-004,22162,2019-04-16 13:30:24.617000+00:00,2019-04-16 16:44:05.417000+00:00,11620.8,1.907097618064161,524.3806687423853,3472.5871414024305,1.0,2.0,12.0,32.0,112.0,951.0,992.0,1040.0,1076.0,457060.0,0,0,10912
tblPowerLog,Exp20190416,20,MagazineFront,,1576,2019-04-16 07:23:48.538000+00:00,2019-04-16 16:44:47.433000+00:00,33658.895,0.04682268981200958,21370.726984126984,429985.0743158307,1.0,2.0,14.0,36.0,874.0,954.0,1012.6000000000001,1049.3,1326.5399999999988,11622786.0,0,0,737
tblPowerLog,Exp20190416,30,DrillingCPS,Exp20190416-S30-001,1110,2019-04-16 07:28:47.527000+00:00,2019-04-16 07:35:22.771000+00:00,395.244,2.8083917782433128,356.3967538322813,443.70281203144896,1.0,2.0,5.0,16.0,42.0,933.0,962.0,989.5999999999999,1042.0,1107.0,0,0,707
tblPowerLog,Exp20190416,30,DrillingCPS,Exp20190416-S30-002,10222,2019-04-16 08:18:35.208000+00:00,2019-04-16 09:15:34.224000+00:00,3419.016,2.9897490974011234,334.50895215732317,436.88657934573206,1.0,1.0,5.0,13.0,37.0,923.0,961.0,994.0,1045.0,2296.0,0,0,6708
tblPowerLog,Exp20190416,30,DrillingCPS,Exp20190416-S30-003,40437,2019-04-16 12:26:44.688000+00:00,2019-04-16 16:39:50.919000+00:00,15186.231,2.662741005322519,375.5621475912553,4655.853843046476,1.0,1.0,5.0,15.0,40.0,920.0,959.0,986.0,1052.0,778114.0,0,0,26253
tblPowerLog,Exp20190416,30,DrillingCPS,,2410,2019-04-16 07:23:48.449000+00:00,2019-04-16 16:44:46.909000+00:00,33658.46,0.07160161219497267,13971.963470319635,393521.71005966456,1.0,2.0,8.0,18.0,64.0,945.0,977.2000000000003,1022.5999999999999,1067.0,15188142.0,0,0,1380
tblPowerLog,Exp20190416,50,RobotAssembly,Exp20190416-S50-001,31320,2019-04-16 13:33:01.663000+00:00,2019-04-16 16:40:21.510000+00:00,11239.847,2.786514798644501,358.88269101823175,2928.522769405565,1.0,1.0,5.0,13.0,36.0,929.0,962.0,983.0,1041.8199999999997,456943.0,0,0,20613
tblPowerLog,Exp20190416,50,RobotAssembly,,23586,2019-04-16 07:23:48.384000+00:00,2019-04-16 16:44:47.448000+00:00,33659.064,0.7007324980872909,1427.1386050455799,104537.99987439564,1.0,1.0,5.0,14.0,38.0,924.0,960.0,984.0,1052.0,11241697.0,0,0,15403
tblPowerLog,Exp20190416,60,CameraInspection,Exp20190416-S60-001,609,2019-04-16 07:29:15.937000+00:00,2019-04-16 07:34:06.133000+00:00,290.196,2.09858164826531,477.29605263157896,465.3191438342716,2.0,3.0,12.0,26.75,86.0,954.0,985.9000000000002,1025.0,1060.0,1106.0,0,0,317
tblPowerLog,Exp20190416,60,CameraInspection,Exp20190416-S60-002,8440,2019-04-16 08:18:48.974000+00:00,2019-04-16 09:16:05.855000+00:00,3436.881,2.4557149345583977,407.26164237468896,460.0135830581157,1.0,1.0,5.0,15.0,54.0,946.0,990.0,1022.0,1067.0,2265.0,0,0,4894
tblPowerLog,Exp20190416,60,CameraInspection,Exp20190416-S60-003,29854,2019-04-16 12:30:03.451000+00:00,2019-04-16 16:42:23.475000+00:00,15140.024,1.9718594897868063,507.1525139851941,5407.921955558843,1.0,2.0,9.0,24.0,81.0,947.0,986.0,1034.0,1069.0,777497.0,0,0,15814
tblPowerLog,Exp20190416,60,CameraInspection,,2323,2019-04-16 07:23:48.858000+00:00,2019-04-16 16:44:47.452000+00:00,33658.594,0.06901654893843755,14495.518518518518,400076.2705309149,1.0,2.0,11.0,27.0,182.0,957.0,1008.0,1041.9499999999998,1071.0,15141870.0,0,0,1139
tblPowerLog,Exp20190416,70,MagazineBack,Exp20190416-S70-001,594,2019-04-16 07:29:25.160000+00:00,2019-04-16 07:34:15.335000+00:00,290.175,2.0470405789609716,489.33389544688026,466.11030964562644,1.0,2.0,12.0,26.0,97.0,955.0,985.0,1042.4,1077.08,1157.0,0,0,298
tblPowerLog,Exp20190416,70,MagazineBack,Exp20190416-S70-002,7423,2019-04-16 08:18:59.597000+00:00,2019-04-16 09:16:15.624000+00:00,3436.027,2.160343908822602,462.951630288332,466.4298803268575,1.0,2.0,9.0,21.0,80.0,951.0,988.0,1038.0,1069.0,2273.0,0,0,3929
tblPowerLog,Exp20190416,70,MagazineBack,Exp20190416-S70-003,27976,2019-04-16 12:30:16.347000+00:00,2019-04-16 16:42:39.983000+00:00,15143.636,1.8473766802107499,541.327470956211,5537.723329648745,1.0,2.0,11.0,29.0,97.0,954.0,992.0,1034.2999999999993,1068.2599999999984,767483.0,0,0,14053
tblPowerLog,Exp20190416,70,MagazineBack,,2260,2019-04-16 07:23:48.436000+00:00,2019-04-16 16:44:46.981000+00:00,33658.545,0.0671449107500042,14899.754316069057,405677.33627143974,1.0,2.0,13.0,32.0,870.0,955.0,1009.2,1046.0,1077.42,15145646.0,0,0,1070
tblPowerLog,Exp20190416,80,Press,Exp20190416-S80-001,649,2019-04-16 07:29:35.469000+00:00,2019-04-16 07:34:32.612000+00:00,297.143,2.1841335653204017,458.554012345679,463.3410054602427,1.0,2.0,12.0,24.0,77.0,951.0,981.0,1029.0,1067.6499999999999,1160.0,0,0,345
tblPowerLog,Exp20190416,80,Press,Exp20190416-S80-002,10223,2019-04-16 08:19:09.812000+00:00,2019-04-16 09:16:22.875000+00:00,3433.063,2.977807281718978,335.8504206613187,427.1192999835888,1.0,1.0,6.0,16.0,49.0,899.0,953.0,986.0,1063.789999999999,2178.0,0,0,6442
tblPowerLog,Exp20190416,80,Press,Exp20190416-S80-003,40534,2019-04-16 12:30:27.594000+00:00,2019-04-16 16:42:59.005000+00:00,15151.411,2.675262389753667,373.80433227246937,4650.960521245641,1.0,1.0,5.0,14.0,38.0,925.0,960.0,981.0,1044.0,778496.0,0,0,26592
tblPowerLog,Exp20190416,80,Press,,2800,2019-04-16 07:23:48.434000+00:00,2019-04-16 16:44:46.953000+00:00,33658.519,0.08318844926005212,12025.19435512683,364587.64600626606,1.0,1.0,6.0,17.0,61.0,940.0,980.0,1026.0,1074.02,15153282.0,0,0,1626
tblPowerLog,Exp20190514,10,Manual,Exp20190514-S10-001,3586,2019-05-14 07:36:18.972000+00:00,2019-05-14 08:04:43.657000+00:00,1704.685,2.1036144507636307,475.50488145048814,466.3422651924741,1.0,2.0,9.0,24.0,84.0,955.0,996.0,1032.0,1068.0,1355.0,0,0,1848
tblPowerLog,Exp20190514,10,Manual,Exp20190514-S10-002,20241,2019-05-14 08:15:18.572000+00:00,2019-05-14 10:59:34.401000+00:00,9855.829,2.053708521119837,486.94807312252965,1278.0251888133923,1.0,2.0,11.0,29.0,91.0,952.0,988.0,1032.0,1070.0,169958.0,0,0,10316
tblPowerLog,Exp20190514,10,Manual,,2174,2019-05-14 07:28:40.825000+00:00,2019-05-14 11:02:47.357000+00:00,12846.532,0.16922855133198594,5911.887712839392,214583.0103016095,1.0,2.719999999999999,14.0,43.0,934.0,967.0,1034.0,1056.0,1079.5600000000004,9857676.0,0,0,872
tblPowerLog,Exp20190514,20,MagazineFront,Exp20190514-S20-001,2957,2019-05-14 07:36:28.702000+00:00,2019-05-14 08:00:55.380000+00:00,1466.678,2.0161207845212106,496.1698240866035,467.37802999998786,1.0,2.0,10.0,29.0,111.5,958.0,992.0,1035.25,1068.4499999999998,1270.0,0,0,1469
tblPowerLog,Exp20190514,20,MagazineFront,Exp20190514-S20-002,6912,2019-05-14 08:18:57.299000+00:00,2019-05-14 09:16:11.289000+00:00,3433.99,2.0128189074516816,496.88757053971926,464.76058284816344,1.0,2.0,10.0,32.0,123.0,955.0,994.0,1034.0,1068.0,1152.0,0,0,3405
tblPowerLog,Exp20190514,20,MagazineFront,Exp20190514-S20-003,11368,2019-05-14 09:25:32.228000+00:00,2019-05-14 10:59:41.125000+00:00,5648.897,2.0124282669696405,496.95583707222664,464.69196806381365,1.0,2.0,11.0,31.0,122.0,955.0,990.3999999999996,1036.699999999999,1068.0,1188.0,0,0,5611
tblPowerLog,Exp20190514,20,MagazineFront,,3837,2019-05-14 07:28:40.553000+00:00,2019-05-14 11:02:47.156000+00:00,12846.603,0.2986781797491524,3348.95802919708,109377.62701616908,1.0,2.0,13.0,37.0,923.0,962.0,1021.0,1050.0,1076.65,5650902.0,0,0,1689
tblPowerLog,Exp20190514,30,DrillingCPS,Exp20190514-S30-001,3588,2019-05-14 07:36:45.502000+00:00,2019-05-14 08:01:14.131000+00:00,1468.629,2.443094886455327,409.4310008363535,453.0291988513647,1.0,1.0,7.0,20.0,66.0,940.0,974.0,1011.0,1066.1399999999999,1238.0,0,0,2050
tblPowerLog,Exp20190514,30,DrillingCPS,Exp20190514-S30-002,8615,2019-05-14 08:19:14.078000+00:00,2019-05-14 09:16:31.048000+00:00,3436.97,2.506568285437464,398.9981425586255,450.35768025912785,1.0,1.0,6.0,19.0,63.0,933.0,974.0,1013.3499999999995,1064.0,1163.0,0,0,5030
tblPowerLog,Exp20190514,30,DrillingCPS,Exp20190514-S30-003,13743,2019-05-14 09:25:50.316000+00:00,2019-05-14 10:55:27.868000+00:00,5377.552,2.555623822884465,391.32236937854753,448.2479591394605,1.0,1.0,6.0,19.0,59.0,930.75,968.0,1007.0,1065.0,1180.0,0,0,8162
tblPowerLog,Exp20190514,30,DrillingCPS,,4936,2019-05-14 07:28:40.581000+00:00,2019-05-14 11:02:46.906000+00:00,12846.325,0.3842344016674029,2603.1053698074975,93276.75057361399,1.0,2.0,9.0,26.0,98.0,953.0,1004.0,1043.0,1082.0,5379843.0,0,0,2482
tblPowerLog,Exp20190514,50,RobotAssembly,Exp20190514-S50-001,15956,2019-05-14 09:26:37.381000+00:00,2019-05-14 10:55:59.318000+00:00,5361.937,2.9757902787742565,336.0662488248198,435.0130109895119,1.0,1.0,5.0,14.0,40.0,923.0,959.0,978.0,1048.4599999999991,1194.0,0,0,10459
tblPowerLog,Exp20190514,50,RobotAssembly,,1423,2019-05-14 09:25:27.429000+00:00,2019-05-14 11:02:47.311000+00:00,5839.882,0.24366930701681988,4106.808720112517,142233.47065156783,1.0,1.0,4.0,14.0,40.0,917.75,958.0,979.0,1066.0,5363851.0,0,0,932
tblPowerLog,Exp20190514,60,CameraInspection,Exp20190514-S60-001,3106,2019-05-14 07:39:28.025000+00:00,2019-05-14 08:03:47.629000+00:00,1459.604,2.127974436902064,470.08180354267313,462.87750865916934,1.0,2.0,9.0,27.0,85.0,948.0,990.5999999999999,1041.0,1076.96,1180.0,0,0,1607
tblPowerLog,Exp20190514,60,CameraInspection,Exp20190514-S60-002,7555,2019-05-14 08:19:50.552000+00:00,2019-05-14 09:19:05.529000+00:00,3554.977,2.1251895581884215,470.6085517606566,461.76235625179066,1.0,1.0,9.0,27.0,89.0,949.0,991.0,1031.0,1076.0,1227.0,0,0,3865
tblPowerLog,Exp20190514,60,CameraInspection,Exp20190514-S60-003,11571,2019-05-14 09:26:58.528000+00:00,2019-05-14 10:58:28.375000+00:00,5489.847,2.107709012655544,474.4898012100259,466.3192027649781,1.0,2.0,8.0,24.0,83.0,954.0,992.0,1030.0,1059.0,1152.0,0,0,6019
tblPowerLog,Exp20190514,60,CameraInspection,,4405,2019-05-14 07:28:40.713000+00:00,2019-05-14 11:02:47.461000+00:00,12846.748,0.34288833251808165,2917.063578564941,101017.72692952794,1.0,2.0,11.0,29.75,113.0,953.0,1000.0,1041.0,1079.0,5490949.0,0,0,2179
tblPowerLog,Exp20190514,70,MagazineBack,Exp20190514-S70-001,2976,2019-05-14 07:39:40.640000+00:00,2019-05-14 08:04:04.349000+00:00,1463.709,2.0331910236255974,492.00302521008405,466.90282623927897,1.0,1.0,10.0,28.0,107.0,956.0,1004.0,1037.0,1069.2599999999998,1274.0,0,0,1481
tblPowerLog,Exp20190514,70,MagazineBack,Exp20190514-S70-002,7220,2019-05-14 08:20:00.183000+00:00,2019-05-14 09:19:22.225000+00:00,3562.042,2.0269272512789014,493.4259592741377,466.66432685187556,1.0,2.0,8.0,27.0,110.0,955.0,1004.0,1036.0999999999995,1076.0,1165.0,0,0,3571
tblPowerLog,Exp20190514,70,MagazineBack,Exp20190514-S70-003,11120,2019-05-14 09:27:08.118000+00:00,2019-05-14 10:58:45.189000+00:00,5497.071,2.0228954656034097,494.38537638276824,465.84815360611094,1.0,2.0,10.0,29.0,110.0,955.0,994.0,1037.0,1068.0,1169.0,0,0,5523
tblPowerLog,Exp20190514,70,MagazineBack,,3908,2019-05-14 07:28:40.580000+00:00,2019-05-14 11:02:47.026000+00:00,12846.446,0.3042086503924899,3288.05886869721,107423.95108905812,1.0,2.0,12.0,35.0,918.0,961.0,1029.0,1052.0,1083.0,5498849.0,0,0,1725
tblPowerLog,Exp20190514,80,Press,Exp20190514-S80-001,3292,2019-05-14 07:39:57.597000+00:00,2019-05-14 08:04:24.140000+00:00,1466.543,2.244734726496257,445.6223032512914,459.74483127642935,1.0,2.0,8.0,23.0,78.0,947.0,985.0,1025.0,1071.1999999999998,1240.0,0,0,1756
tblPowerLog,Exp20190514,80,Press,Exp20190514-S80-002,8416,2019-05-14 08:20:11.043000+00:00,2019-05-14 09:19:42.054000+00:00,3571.011,2.3567555518591234,424.3625668449198,456.52790331420437,1.0,1.0,7.0,21.0,68.0,943.0,980.0,1018.0,1062.0,1212.0,0,0,4714
tblPowerLog,Exp20190514,80,Press,Exp20190514-S80-003,12952,2019-05-14 09:27:17.953000+00:00,2019-05-14 10:59:04.906000+00:00,5506.953,2.3519358164124515,425.2145008107482,457.53608175683956,1.0,1.0,7.0,21.0,66.0,943.0,978.0,1017.0,1059.0,1178.0,0,0,7317
tblPowerLog,Exp20190514,80,Press,,4176,2019-05-14 07:28:40.580000+00:00,2019-05-14 11:02:46.926000+00:00,12846.346,0.32507298184246325,3076.9691017964074,104132.94522166063,1.0,2.0,10.0,28.0,864.0,958.0,1014.0,1049.0,1083.0,5508988.0,0,0,1992
tblPowerLog,Exp20190617,10,Manual,Exp20190617-S10-001,15685,2019-06-17 08:03:29.715000+00:00,2019-06-17 10:06:47.149000+00:00,7397.434,2.120329833290841,471.6548074470798,461.30509473761697,1.0,2.0,12.0,28.0,90.0,947.0,978.0,1041.0,1071.0,1284.0,0,0,8070
tblPowerLog,Exp20190617,10,Manual,Exp20190617-S10-002,2951,2019-06-17 12:03:10.874000+00:00,2019-06-17 12:26:44.894000+00:00,1414.02,2.0869577516583924,479.32881355932204,465.656907017224,1.0,3.0,12.0,26.0,83.0,951.0,981.0,1041.0,1060.5099999999998,1132.0,0,0,1527
tblPowerLog,Exp20190617,10,Manual,,1754,2019-06-17 07:58:16.188000+00:00,2019-06-17 12:29:49.863000+00:00,16293.675,0.10764913378964537,9294.737592698231,239361.18780245638,1.0,2.0,13.0,30.0,109.0,951.0,985.5999999999999,1043.0,1076.48,7399289.0,0,0,867
tblPowerLog,Exp20190617,20,MagazineFront,Exp20190617-S20-001,13919,2019-06-17 08:03:38.926000+00:00,2019-06-17 09:59:03.380000+00:00,6924.454,2.0101223865448454,497.5178905015088,466.7818764553742,1.0,2.0,12.0,27.0,107.0,953.0,1006.0,1040.0,1063.0,1568.0,0,0,6940
tblPowerLog,Exp20190617,20,MagazineFront,Exp20190617-S20-002,2783,2019-06-17 12:03:53.169000+00:00,2019-06-17 12:26:55.181000+00:00,1382.012,2.0137307056668106,496.7692307692308,467.2722399447636,1.0,2.0,12.0,26.0,99.0,952.0,1006.0,1045.0,1063.19,1102.0,0,0,1393
tblPowerLog,Exp20190617,20,MagazineFront,,2727,2019-06-17 07:58:16.184000+00:00,2019-06-17 12:29:49.219000+00:00,16293.035,0.16737213171149512,5976.9020542920025,185299.77932000984,1.0,2.0,12.0,29.0,870.5,953.0,1010.0,1043.75,1067.75,6926420.0,0,0,1341
tblPowerLog,Exp20190617,30,DrillingCPS,Exp20190617-S30-001,15542,2019-06-17 08:03:49.101000+00:00,2019-06-17 09:59:14.538000+00:00,6925.437,2.244190511010352,445.62364069236213,461.95638821457254,1.0,2.0,10.0,21.0,72.0,947.0,977.0,1030.0,1060.0,1375.0,0,0,8508
tblPowerLog,Exp20190617,30,DrillingCPS,Exp20190617-S30-002,3639,2019-06-17 11:59:34.554000+00:00,2019-06-17 12:27:05.284000+00:00,1650.73,2.204479230401095,453.74656404617923,463.03583242492664,1.0,2.0,11.0,23.0,73.0,948.0,977.0,1029.0,1059.63,1104.0,0,0,1976
tblPowerLog,Exp20190617,30,DrillingCPS,,2388,2019-06-17 07:58:16.191000+00:00,2019-06-17 12:29:49.313000+00:00,16293.122,0.14656491248270284,6825.773774612484,198895.59495412197,1.0,2.0,9.0,21.0,77.0,949.0,997.0,1039.0,1068.1399999999999,6927329.0,0,0,1269
tblPowerLog,Exp20190617,50,RobotAssembly,Exp20190617-S50-001,20193,2019-06-17 08:06:19.468000+00:00,2019-06-17 09:59:44.838000+00:00,6805.37,2.967215595919105,337.0329833597464,437.16686993916596,1.0,2.0,5.0,14.0,37.0,929.0,958.0,970.0,1049.0,1159.0,0,0,13316
tblPowerLog,Exp20190617,50,RobotAssembly,Exp20190617-S50-002,2930,2019-06-17 12:00:10.631000+00:00,2019-06-17 12:16:34.634000+00:00,984.003,2.9776331982727693,335.9518607033117,437.3041639025589,1.0,1.0,5.0,14.0,36.0,929.0,957.0,970.0,1054.0,1130.0,0,0,1941
tblPowerLog,Exp20190617,50,RobotAssembly,,5025,2019-06-17 07:58:16.194000+00:00,2019-06-17 12:29:49.605000+00:00,16293.411,0.3084068768657465,3243.115246815287,134628.84775048765,1.0,2.0,6.0,16.0,48.0,938.0,961.0,992.0,1057.7699999999995,6807272.0,0,0,3117
tblPowerLog,Exp20190617,60,CameraInspection,Exp20190617-S60-001,15397,2019-06-17 08:04:17.743000+00:00,2019-06-17 10:04:32.170000+00:00,7214.427,2.1341958273332033,468.59099766173034,461.0569257297656,1.0,2.0,12.0,27.0,88.0,948.0,978.0,1039.0,1071.0,1776.0,0,0,7987
tblPowerLog,Exp20190617,60,CameraInspection,Exp20190617-S60-002,3217,2019-06-17 12:02:08.018000+00:00,2019-06-17 12:27:35.036000+00:00,1527.018,2.1067204184888455,474.8190298507463,462.80656123083645,1.0,2.0,12.0,28.0,84.0,950.0,974.0,1033.25,1060.85,1114.0,0,0,1673
tblPowerLog,Exp20190617,60,CameraInspection,,1897,2019-06-17 07:58:16.181000+00:00,2019-06-17 12:29:49.075000+00:00,16292.894,0.11643112635483911,8593.298523206751,227465.13129101467,1.0,3.0,14.0,33.75,112.5,950.0,987.5,1040.25,1086.05,7216336.0,0,0,937
tblPowerLog,Exp20190617,70,MagazineBack,Exp20190617-S70-001,14678,2019-06-17 08:04:28.220000+00:00,2019-06-17 10:04:48.686000+00:00,7220.466,2.0328327839228106,491.957893302446,465.3173991539985,1.0,3.0,13.0,29.0,93.0,954.0,982.0,1039.0,1063.0,1250.0,0,0,7417
tblPowerLog,Exp20190617,70,MagazineBack,Exp20190617-S70-002,3149,2019-06-17 12:02:20.465000+00:00,2019-06-17 12:27:45.467000+00:00,1525.002,2.0649153247012135,484.4351969504447,463.7518531598983,1.0,3.0,12.0,29.0,90.0,951.0,972.0,1041.0,1066.0,1124.0,0,0,1609
tblPowerLog,Exp20190617,70,MagazineBack,,1846,2019-06-17 07:58:16.201000+00:00,2019-06-17 12:29:49.481000+00:00,16293.28,0.11329824320210541,8831.046070460705,230685.4594412814,1.0,2.4400000000000013,14.0,33.0,879.0,953.0,995.0,1042.8,1067.0,7222367.0,0,0,910
tblPowerLog,Exp20190617,80,Press,Exp20190617-S80-001,16385,2019-06-17 08:04:38.847000+00:00,2019-06-17 10:05:16.198000+00:00,7237.351,2.2639498899528294,441.73284912109375,462.0211215915527,1.0,2.0,10.0,22.0,68.0,950.0,977.0,1019.0,1054.0,1598.0,0,0,9090
tblPowerLog,Exp20190617,80,Press,Exp20190617-S80-002,3405,2019-06-17 12:02:37.087000+00:00,2019-06-17 12:27:55.099000+00:00,1518.012,2.243065272211287,445.9494712103408,460.99504081359765,1.0,2.0,11.0,24.0,72.0,948.0,968.0,1024.0,1056.0,1127.0,0,0,1877
tblPowerLog,Exp20190617,80,Press,,1954,2019-06-17 07:58:16.195000+00:00,2019-06-17 12:29:49.090000+00:00,16292.895,0.11992957666516602,8342.496159754224,224471.39919725378,1.0,2.0,10.0,24.0,80.0,953.0,993.0,1029.0,1064.0,7239385.0,0,0,1024
tblOperationLog,Exp20190124,10,Manual,Exp20190124-S10-001,128,2019-01-24 09:17:10.283000+00:00,2019-01-24 09:31:03.727000+00:00,833.444,0.15357960462850534,6562.5511811023625,23173.640114451282,1.0,1.0,5.0,13.5,511.0,1984.0,2985.4000000000005,44760.099999999686,124412.19999999982,143500.0,0,0,47
tblOperationLog,Exp20190124,10,Manual,Exp20190124-S10-002,18,2019-01-24 09:47:31.704000+00:00,2019-01-24 09:47:42.205000+00:00,10.501,1.714122464527188,617.7058823529412,892.6510911818991,5.0,5.16,6.6,14.0,63.0,785.0,1711.6000000000001,2214.7999999999993,2886.16,3054.0,0,0,9
tblOperationLog,Exp20190124,10,Manual,Exp20190124-S10-003,98,2019-01-24 09:50:00.229000+00:00,2019-01-24 10:00:24.185000+00:00,623.956,0.15706235696106777,6432.5360824742265,18681.586217595534,1.0,1.96,4.600000000000001,10.0,504.0,2447.0,5091.200000000023,65804.19999999998,78191.35999999996,83000.0,0,0,37
tblOperationLog,Exp20190124,20,MagazineFront,Exp20190124-S20-001,118,2019-01-24 09:17:20.317000+00:00,2019-01-24 09:31:04.232000+00:00,823.915,0.14321865726440228,7042.008547008547,22162.434800843756,1.0,2.16,5.600000000000001,19.0,517.0,2527.0,3904.600000000006,75400.19999999998,114427.12000000013,125463.0,0,0,35
tblOperationLog,Exp20190124,20,MagazineFront,Exp20190124-S20-002,16,2019-01-24 09:47:41.190000+00:00,2019-01-24 09:47:59.191000+00:00,18.001,0.8888395089161713,1200.0666666666666,1319.3407155884806,4.0,4.14,5.800000000000001,11.5,462.0,2254.0,3051.6,3209.9999999999995,3445.2,3504.0,0,0,6
tblOperationLog,Exp20190124,20,MagazineFront,Exp20190124-S20-003,63,2019-01-24 09:50:25.679000+00:00,2019-01-24 09:57:38.197000+00:00,432.518,0.1456586777891325,6976.096774193548,24457.752631706782,2.0,3.2199999999999998,9.3,20.5,770.0,2496.75,3369.7999999999997,56698.949999999764,107306.12000000005,155501.0,0,0,23
tblOperationLog,Exp20190124,30,DrillingCPS,Exp20190124-S30-001,111,2019-01-24 09:17:37.290000+00:00,2019-01-24 09:29:50.754000+00:00,733.464,0.15133667092045416,6667.854545454546,22384.145396566117,1.0,1.09,4.9,19.25,499.5,2039.75,3768.600000000021,59886.59999999995,117132.36999999988,140501.0,0,0,39
tblOperationLog,Exp20190124,30,DrillingCPS,Exp20190124-S30-002,78,2019-01-24 09:47:58.208000+00:00,2019-01-24 09:57:48.179000+00:00,589.971,0.1322098882826444,7661.961038961039,29353.427298520262,1.0,1.0,4.6000000000000005,16.0,496.0,2486.0,3934.6000000000195,15804.400000000125,151605.03999999998,153502.0,0,0,30
tblOperationLog,Exp20190124,50,RobotAssembly,Exp20190124-S50-001,24,2019-01-24 09:20:35.881000+00:00,2019-01-24 09:27:27.764000+00:00,411.883,0.058268974441771086,17907.956521739132,47714.65267749926,3.0,3.0,3.4000000000000004,6.0,91.0,901.0,75821.20000000007,148504.9999999999,156456.68,157008.0,0,0,12
tblOperationLog,Exp20190124,50,RobotAssembly,Exp20190124-S50-002,24,2019-01-24 09:48:49.740000+00:00,2019-01-24 09:57:16.205000+00:00,506.465,0.04738728243807568,22020.217391304348,57305.12862575416,5.0,5.0,6.2,11.5,480.0,734.5,128593.00000000012,167703.09999999998,170450.88,171000.0,0,0,10
tblOperationLog,Exp20190124,60,CameraInspection,Exp20190124-S60-001,99,2019-01-24 09:18:04.382000+00:00,2019-01-24 09:30:17.841000+00:00,733.459,0.13497686987275365,7484.275510204082,31544.792159191835,1.0,1.0,3.700000000000001,16.0,946.0,2007.0,2509.4,32246.249999999956,148499.0500000001,246988.0,0,0,35
tblOperationLog,Exp20190124,60,CameraInspection,Exp20190124-S60-002,77,2019-01-24 09:50:37.339000+00:00,2019-01-24 09:59:16.292000+00:00,518.953,0.1483756717853062,6828.328947368421,27160.368776282914,1.0,1.75,6.5,23.75,497.0,2007.5,2509.5,13283.0,149766.75,155055.0,0,0,29
tblOperationLog,Exp20190124,70,MagazineBack,Exp20190124-S70-001,100,2019-01-24 09:18:14.792000+00:00,2019-01-24 09:30:27.795000+00:00,733.003,0.1364250896653902,7404.070707070707,31116.488606345458,1.0,1.0,4.0,14.5,487.0,2534.0,3197.600000000001,30436.899999999976,144151.03999999957,249993.0,0,0,38
tblOperationLog,Exp20190124,70,MagazineBack,Exp20190124-S70-002,74,2019-01-24 09:50:50.687000+00:00,2019-01-24 09:59:32.675000+00:00,521.988,0.1417657110891438,7150.520547945205,26934.70833542022,1.0,1.0,5.0,13.0,489.0,2964.0,3342.799999999999,21782.99999999962,146625.44,151988.0,0,0,29
tblOperationLog,Exp20190124,80,Press,Exp20190124-S80-001,102,2019-01-24 09:18:25.553000+00:00,2019-01-24 09:30:38.489000+00:00,732.936,0.1391663119290088,7256.792079207921,30905.894777312897,2.0,2.0,7.0,21.0,564.0,2282.0,3099.0,20003.0,138495.0,257011.0,0,0,33
tblOperationLog,Exp20190124,80,Press,Exp20190124-S80-002,76,2019-01-24 09:51:07.961000+00:00,2019-01-24 09:59:52.419000+00:00,524.458,0.14491150864320881,6992.7733333333335,25873.002867735973,1.0,2.48,6.0,19.0,972.0,2462.0,4764.600000000025,21061.09999999986,143208.44000000003,149494.0,0,0,28
tblOperationLog,Exp20190320,10,Manual,Exp20190320-S10-001,73,2019-03-20 14:45:33.954000+00:00,2019-03-20 14:59:03.030000+00:00,809.076,0.09022638169961783,11237.166666666666,43751.3136156915,1.0,1.71,8.0,36.5,995.5,2009.0,5350.899999999998,49080.65000000011,247267.15000000017,267527.0,0,0,24
tblOperationLog,Exp20190320,10,Manual,Exp20190320-S10-002,14,2019-03-20 15:03:28.020000+00:00,2019-03-20 15:03:48.603000+00:00,20.583,0.6801729582665307,1583.3076923076924,2685.481377848156,1.0,1.12,3.000000000000001,25.0,94.0,2446.0,3351.6000000000004,5872.199999999992,8782.439999999993,9510.0,0,0,7
tblOperationLog,Exp20190320,10,Manual,Exp20190320-S10-003,70,2019-03-20 16:05:53.948000+00:00,2019-03-20 16:14:50.888000+00:00,536.94,0.1303683838045219,7781.739130434783,28450.747662899914,2.0,2.0,4.800000000000001,10.0,906.0,2099.0,2618.200000000001,50051.199999999764,153817.43999999992,162992.0,0,0,25
tblOperationLog,Exp20190320,20,MagazineFront,Exp20190320-S20-001,106,2019-03-20 14:45:40.221000+00:00,2019-03-20 14:55:03.810000+00:00,563.589,0.1880803209430986,5367.5142857142855,24442.861071641808,1.0,1.0,4.0,17.0,990.0,2985.0,11101.200000000008,18217.599999999988,32881.07999999998,246027.0,0,0,37
tblOperationLog,Exp20190320,20,MagazineFront,Exp20190320-S20-002,18,2019-03-20 14:59:02.312000+00:00,2019-03-20 14:59:48.322000+00:00,46.01,0.39121930015214085,2706.470588235294,6754.807973932781,1.0,1.0,2.2,5.0,563.0,2034.0,3256.2000000000003,8493.599999999982,24489.119999999995,28488.0,0,0,7
tblOperationLog,Exp20190320,20,MagazineFront,Exp20190320-S20-003,58,2019-03-20 16:06:02.231000+00:00,2019-03-20 16:13:18.218000+00:00,435.987,0.13303148947101634,7648.894736842105,29004.240937246825,1.0,1.56,7.600000000000003,21.0,561.0,2499.0,3323.7999999999997,19857.59999999976,150965.96,156011.0,0,0,20
tblOperationLog,Exp20190320,30,DrillingCPS,Exp20190320-S30-001,32,2019-03-20 14:50:39.493000+00:00,2019-03-20 14:55:22.509000+00:00,283.016,0.11306781242049918,9129.548387096775,43534.31078420691,2.0,2.3,4.0,8.5,522.0,2461.5,2962.0,6230.5,172430.39999999985,243528.0,0,0,12
tblOperationLog,Exp20190320,30,DrillingCPS,Exp20190320-S30-002,18,2019-03-20 14:59:45.987000+00:00,2019-03-20 15:00:06.998000+00:00,21.011,0.8566941126076817,1235.9411764705883,1632.5049950378498,3.0,3.64,8.2,14.0,507.0,1937.0,2494.8,3300.7999999999975,5847.36,6484.0,0,0,6
tblOperationLog,Exp20190320,30,DrillingCPS,Exp20190320-S30-003,48,2019-03-20 16:06:18.865000+00:00,2019-03-20 16:10:55.314000+00:00,276.449,0.17363057923884695,5881.893617021276,23893.559529017388,3.0,3.46,4.6000000000000005,13.5,974.0,2480.5,4185.799999999996,6448.4,112129.21999999991,154009.0,0,0,19
tblOperationLog,Exp20190320,60,CameraInspection,Exp20190320-S60-001,32,2019-03-20 14:53:19.859000+00:00,2019-03-20 14:57:54.743000+00:00,274.884,0.11641274137454344,8867.225806451614,44381.904688517425,3.0,3.3,5.0,41.0,528.0,1981.5,2019.0,2436.5,174301.89999999982,247957.0,0,0,11
tblOperationLog,Exp20190320,60,CameraInspection,Exp20190320-S60-002,16,2019-03-20 15:02:23.759000+00:00,2019-03-20 15:02:37.238000+00:00,13.479,1.187031678907931,898.6,970.5713192312484,3.0,3.0,4.2,17.5,460.0,1737.0,2302.6,2504.2,2540.04,2549.0,0,0,6
tblOperationLog,Exp20190320,60,CameraInspection,Exp20190320-S60-003,48,2019-03-20 16:08:58.691000+00:00,2019-03-20 16:13:26.086000+00:00,267.395,0.17950971409338246,5689.255319148936,24428.253288272655,1.0,1.0,3.6000000000000005,17.0,513.0,1996.5,2512.2,2521.2,116480.99999999994,153511.0,0,0,16
tblOperationLog,Exp20190320,70,MagazineBack,Exp20190320-S70-001,32,2019-03-20 14:53:32.806000+00:00,2019-03-20 14:58:11.250000+00:00,278.444,0.11492436540201979,8982.064516129032,43635.29052264576,2.0,2.0,3.0,17.0,423.0,2933.0,2991.0,3939.0,171970.7999999998,243978.0,0,0,15
tblOperationLog,Exp20190320,70,MagazineBack,Exp20190320-S70-002,16,2019-03-20 15:02:36.723000+00:00,2019-03-20 15:02:54.252000+00:00,17.529,0.9127731188316505,1168.6,1362.376904006901,6.0,6.5600000000000005,10.4,17.0,480.0,2494.5,3031.6,3180.2999999999993,3438.4599999999996,3503.0,0,0,6
tblOperationLog,Exp20190320,70,MagazineBack,Exp20190320-S70-003,50,2019-03-20 16:09:12.140000+00:00,2019-03-20 16:13:42.585000+00:00,270.445,0.18488047477305922,5519.285714285715,23172.43140655867,1.0,1.0,3.6000000000000014,8.0,435.0,2888.0,3495.2,3810.799999999998,110884.27999999968,149519.0,0,0,24
tblOperationLog,Exp20190320,80,Press,Exp20190320-S80-001,32,2019-03-20 14:53:49.806000+00:00,2019-03-20 14:58:32.190000+00:00,282.384,0.11332086803784916,9109.161290322581,42980.845300433364,1.0,1.6,6.0,34.5,520.0,2245.5,2998.0,6930.0,170441.89999999985,240494.0,0,0,12
tblOperationLog,Exp20190320,80,Press,Exp20190320-S80-002,16,2019-03-20 15:02:53.686000+00:00,2019-03-20 15:03:14.179000+00:00,20.493,0.7807544039428098,1366.2,1768.905763459433,6.0,6.42,9.8,11.5,497.0,2247.0,2856.6,4047.5999999999963,5919.119999999998,6387.0,0,0,6
tblOperationLog,Exp20190320,80,Press,Exp20190320-S80-003,48,2019-03-20 16:09:29.089000+00:00,2019-03-20 16:14:03.013000+00:00,273.924,0.17523108599465548,5828.170212765957,23076.514998849736,1.0,1.46,6.400000000000002,29.0,507.0,2467.0,4177.599999999996,6411.2,109688.87999999993,146522.0,0,0,17
tblOperationLog,Exp20190416,10,Manual,Exp20190416-S10-001,90,2019-04-16 07:27:06.400000+00:00,2019-04-16 07:35:13.616000+00:00,487.216,0.184722997602706,5474.337078651685,17405.620448020272,1.0,1.0,3.0,10.0,482.0,1997.0,3005.0,48224.79999999978,82709.44,84040.0,0,0,35
tblOperationLog,Exp20190416,10,Manual,Exp20190416-S10-002,2014,2019-04-16 08:18:17.168000+00:00,2019-04-16 09:16:24.042000+00:00,3486.874,0.5775947166430447,1732.1778440139096,5956.841439600909,1.0,1.0,4.0,10.0,492.0,1497.0,2501.8,3012.0,38510.64,73003.0,0,0,754
tblOperationLog,Exp20190416,10,Manual,Exp20190416-S10-003,2260,2019-04-16 12:26:24.870000+00:00,2019-04-16 16:44:05.724000+00:00,15460.854,0.14617562522742922,6844.114209827358,39837.488938397924,1.0,1.0,4.0,13.0,492.0,1515.0,2947.0,5004.5,236484.84,818998.0,0,0,864
tblOperationLog,Exp20190416,20,MagazineFront,Exp20190416-S20-001,70,2019-04-16 07:28:36.842000+00:00,2019-04-16 07:35:23.526000+00:00,406.684,0.1721238111162475,5893.971014492754,18843.122778047145,1.0,1.0,4.0,10.0,526.0,2013.0,3009.2,50931.19999999975,86341.91999999991,95492.0,0,0,24
tblOperationLog,Exp20190416,20,MagazineFront,Exp20190416-S20-002,1969,2019-04-16 08:18:24.955000+00:00,2019-04-16 09:16:22.777000+00:00,3477.822,0.5661589351036367,1767.185975609756,6250.434710166678,1.0,1.0,4.0,13.0,491.0,1504.0,2505.3,3006.0,39345.559999999925,70995.0,0,0,732
tblOperationLog,Exp20190416,20,MagazineFront,Exp20190416-S20-003,12,2019-04-16 12:26:32.963000+00:00,2019-04-16 12:26:43.961000+00:00,10.998,1.0911074740861975,999.8181818181819,1092.3401318437236,4.0,4.1,5.0,9.0,496.0,1795.5,2429.0,2719.0,2951.0,3009.0,0,0,4
tblOperationLog,Exp20190416,20,MagazineFront,Exp20190416-S20-004,657,2019-04-16 13:30:23.910000+00:00,2019-04-16 16:44:05.986000+00:00,11622.076,0.056530347934396576,17716.579268292684,67862.60961779482,1.0,2.0,4.5,17.0,984.5,2507.0,3467.5,230981.25,283768.9500000004,659971.0,0,0,247
tblOperationLog,Exp20190416,30,DrillingCPS,Exp20190416-S30-001,40,2019-04-16 07:28:47.432000+00:00,2019-04-16 07:35:23.149000+00:00,395.717,0.1010823391464102,10146.589743589744,32803.60017607017,1.0,1.76,4.0,11.0,956.0,2219.5,6916.800000000063,79417.90000000001,140834.53999999975,176580.0,0,0,13
tblOperationLog,Exp20190416,30,DrillingCPS,Exp20190416-S30-002,1970,2019-04-16 08:18:34.947000+00:00,2019-04-16 09:15:34.301000+00:00,3419.354,0.5761322167871475,1736.5942102590147,6143.529475310685,1.0,1.0,4.0,12.0,489.0,1524.0,2480.0,2590.6,39516.31999999999,66994.0,0,0,834
tblOperationLog,Exp20190416,30,DrillingCPS,Exp20190416-S30-003,2187,2019-04-16 12:26:43.797000+00:00,2019-04-16 16:39:51.497000+00:00,15187.7,0.14399810372867516,6947.712717291857,44171.290403777224,1.0,1.0,4.0,12.0,494.0,1972.0,2499.0,6459.75,233083.00000000006,881271.0,0,0,893
tblOperationLog,Exp20190416,50,RobotAssembly,Exp20190416-S50-001,214,2019-04-16 13:33:01.264000+00:00,2019-04-16 16:40:21.785000+00:00,11240.521,0.01903826343992418,52772.39906103286,131443.31666046474,1.0,1.0,5.0,9.0,476.0,953.0,253365.4,299688.59999999974,506743.67999999935,877494.0,0,0,102
tblOperationLog,Exp20190416,60,CameraInspection,Exp20190416-S60-001,36,2019-04-16 07:29:15.203000+00:00,2019-04-16 07:34:06.334000+00:00,291.131,0.1236556739062484,8318.028571428571,32294.8312350314,1.0,2.02,5.0,13.0,509.0,2006.0,2498.2,26525.19999999977,144283.27999999968,176093.0,0,0,12
tblOperationLog,Exp20190416,60,CameraInspection,Exp20190416-S60-002,1998,2019-04-16 08:18:48.745000+00:00,2019-04-16 09:16:06.104000+00:00,3437.359,0.5812602058731718,1721.2613920881322,5202.607431755213,1.0,1.0,4.0,13.0,500.0,1995.0,2487.0,2516.0,35494.919999999984,54996.0,0,0,713
tblOperationLog,Exp20190416,60,CameraInspection,Exp20190416-S60-003,2166,2019-04-16 12:30:03.434000+00:00,2019-04-16 16:42:23.609000+00:00,15140.175,0.14306307555890208,6993.152424942264,43539.53605824417,1.0,1.0,4.0,14.0,499.0,1989.0,2491.6000000000004,2565.9999999999986,240489.32,864990.0,0,0,787
tblOperationLog,Exp20190416,70,MagazineBack,Exp20190416-S70-001,36,2019-04-16 07:29:25.146000+00:00,2019-04-16 07:34:16.335000+00:00,291.189,0.12363104375508689,8319.685714285713,32299.418340029002,1.0,1.34,5.0,10.5,452.0,2274.5,3036.2,26890.799999999774,144271.3599999997,176077.0,0,0,15
tblOperationLog,Exp20190416,70,MagazineBack,Exp20190416-S70-002,1980,2019-04-16 08:18:58.919000+00:00,2019-04-16 09:16:16.271000+00:00,3437.352,0.5760248004859555,1736.9135927235977,5246.142177382404,1.0,1.0,4.0,12.0,488.0,2006.0,2988.0,3034.2,35480.74,55483.0,0,0,739
tblOperationLog,Exp20190416,70,MagazineBack,Exp20190416-S70-003,2143,2019-04-16 12:30:16.300000+00:00,2019-04-16 16:42:40.653000+00:00,15144.353,0.14150488964434466,7070.192810457516,43406.3977651128,1.0,1.0,3.0,8.25,488.5,2026.0,3003.0,3545.699999999999,236988.36,861448.0,0,0,897
tblOperationLog,Exp20190416,80,Press,Exp20190416-S80-001,36,2019-04-16 07:29:35.306000+00:00,2019-04-16 07:34:32.943000+00:00,297.637,0.12095270413288671,8503.914285714285,32147.10033888468,2.0,2.68,5.4,11.5,1434.0,2262.0,3002.4,28813.799999999785,143779.7599999997,175582.0,0,0,12
tblOperationLog,Exp20190416,80,Press,Exp20190416-S80-002,1985,2019-04-16 08:19:09.314000+00:00,2019-04-16 09:16:23.655000+00:00,3434.341,0.5779857038075136,1731.0186491935483,5143.661405920339,1.0,1.0,5.0,14.0,501.0,1996.0,2510.0,2996.85,34995.36,54490.0,0,0,660
tblOperationLog,Exp20190416,80,Press,Exp20190416-S80-003,2149,2019-04-16 12:30:26.992000+00:00,2019-04-16 16:42:59.886000+00:00,15152.894,0.1418210937131877,7054.419925512104,43441.76819974168,1.0,1.0,4.0,12.0,505.0,2000.0,2795.099999999994,5985.599999999999,234493.18,858532.0,0,0,766
tblOperationLog,Exp20190514,10,Manual,Exp20190514-S10-001,166,2019-05-14 07:36:18.338000+00:00,2019-05-14 08:04:44.542000+00:00,1706.204,0.09729200025319364,10340.630303030302,42600.120844931116,1.0,1.0,3.0,10.0,496.0,2007.0,3005.2,52344.79999999918,240592.52,242094.0,0,0,64
tblOperationLog,Exp20190514,10,Manual,Exp20190514-S10-002,606,2019-05-14 08:15:17.891000+00:00,2019-05-14 10:59:34.499000+00:00,9856.608,0.06148159691447606,16291.914049586778,58474.72729216667,1.0,1.0,4.0,20.0,511.0,2062.0,3059.4,165799.99999999962,264983.6,346980.0,0,0,223
tblOperationLog,Exp20190514,20,MagazineFront,Exp20190514-S20-001,102,2019-05-14 07:36:27.779000+00:00,2019-05-14 08:00:55.389000+00:00,1467.61,0.06950075292482336,14530.79207920792,66668.12466948756,1.0,1.0,4.0,17.0,497.0,2503.0,3424.0,15502.0,350680.0,440696.0,0,0,37
tblOperationLog,Exp20190514,20,MagazineFront,Exp20190514-S20-002,218,2019-05-14 08:18:56.866000+00:00,2019-05-14 09:16:12.242000+00:00,3435.376,0.06345739156354355,15831.225806451614,59947.84584104072,1.0,1.0,5.0,20.0,974.0,2487.0,3438.2,177682.7999999992,252124.32000000004,418004.0,0,0,77
tblOperationLog,Exp20190514,20,MagazineFront,Exp20190514-S20-003,322,2019-05-14 09:25:32.226000+00:00,2019-05-14 10:59:41.996000+00:00,5649.77,0.056993470530658764,17600.529595015578,66939.61084808943,1.0,1.0,5.0,17.0,561.0,2509.0,3458.0,143985.0,332794.80000000045,428501.0,0,0,124
tblOperationLog,Exp20190514,30,DrillingCPS,Exp20190514-S30-001,98,2019-05-14 07:36:44.968000+00:00,2019-05-14 08:01:14.540000+00:00,1469.572,0.066686082750624,15150.226804123711,68917.49929346459,3.0,3.0,6.200000000000003,17.0,556.0,2010.0,4004.000000000013,6573.799999999994,353276.7199999993,438206.0,0,0,37
tblOperationLog,Exp20190514,30,DrillingCPS,Exp20190514-S30-002,205,2019-05-14 08:19:14.007000+00:00,2019-05-14 09:16:31.894000+00:00,3437.887,0.05962965042190159,16852.38725490196,65705.37509913676,1.0,1.0,3.0,14.75,974.0,2476.25,6360.5,209783.04999999914,311525.73,415990.0,0,0,79
tblOperationLog,Exp20190514,30,DrillingCPS,Exp20190514-S30-003,306,2019-05-14 09:25:49.471000+00:00,2019-05-14 10:55:28.611000+00:00,5379.14,0.056886416787813664,17636.524590163935,68408.48432558567,1.0,1.04,5.0,19.0,885.0,2463.0,6432.4000000000015,112628.40000000008,341892.7199999999,426488.0,0,0,119
tblOperationLog,Exp20190514,50,RobotAssembly,Exp20190514-S50-001,106,2019-05-14 09:26:37.079000+00:00,2019-05-14 10:55:59.322000+00:00,5362.243,0.01976784714903819,51068.98095238095,122876.97259375869,1.0,1.04,4.4,11.0,405.0,955.0,285481.00000000006,349268.9999999999,437420.95999999996,444462.0,0,0,52
tblOperationLog,Exp20190514,60,CameraInspection,Exp20190514-S60-001,96,2019-05-14 07:39:27.289000+00:00,2019-05-14 08:03:48.299000+00:00,1461.01,0.06570796914463282,15379.052631578947,65458.32716176261,1.0,1.0,4.0,14.0,493.0,1998.0,2501.6,30520.799999999737,346777.4,356168.0,0,0,38
tblOperationLog,Exp20190514,60,CameraInspection,Exp20190514-S60-002,206,2019-05-14 08:19:50.268000+00:00,2019-05-14 09:19:06.098000+00:00,3555.83,0.057933028294378526,17345.51219512195,67962.37462055605,1.0,1.0,4.0,16.0,515.0,2010.0,2499.6,230591.59999999942,318641.2000000002,418965.0,0,0,79
tblOperationLog,Exp20190514,60,CameraInspection,Exp20190514-S60-003,308,2019-05-14 09:26:57.587000+00:00,2019-05-14 10:58:28.380000+00:00,5490.793,0.05609390119059306,17885.319218241042,70794.45435909752,1.0,2.0,5.0,13.0,502.0,2005.5,2511.2000000000003,209211.69999999795,362332.68,431521.0,0,0,125
tblOperationLog,Exp20190514,70,MagazineBack,Exp20190514-S70-001,96,2019-05-14 07:39:40.115000+00:00,2019-05-14 08:04:05.109000+00:00,1464.994,0.06552927861820596,15420.98947368421,64669.63356980677,1.0,1.0,5.0,13.5,478.0,2931.5,3425.8000000000006,30519.49999999975,343160.24000000005,352658.0,0,0,40
tblOperationLog,Exp20190514,70,MagazineBack,Exp20190514-S70-002,210,2019-05-14 08:20:00.050000+00:00,2019-05-14 09:19:22.918000+00:00,3562.868,0.058941279890245724,17047.215311004784,66606.5797926855,1.0,1.08,5.0,13.0,484.0,2931.0,3481.4,222447.99999999985,313799.39999999973,415485.0,0,0,92
tblOperationLog,Exp20190514,70,MagazineBack,Exp20190514-S70-003,309,2019-05-14 09:27:07.451000+00:00,2019-05-14 10:58:45.192000+00:00,5497.741,0.05620490306836935,17849.80844155844,69924.33909022114,1.0,1.0,4.0,12.0,490.0,2948.0,3465.8,198892.14999999592,358269.50000000006,427458.0,0,0,130
tblOperationLog,Exp20190514,80,Press,Exp20190514-S80-001,98,2019-05-14 07:39:57.556000+00:00,2019-05-14 08:04:25.024000+00:00,1467.468,0.06678169472860737,15128.536082474227,63433.58817151831,1.0,1.96,7.0,24.0,520.0,2440.0,5897.8,23235.39999999905,340521.8399999999,349158.0,0,0,36
tblOperationLog,Exp20190514,80,Press,Exp20190514-S80-002,205,2019-05-14 08:20:10.516000+00:00,2019-05-14 09:19:42.847000+00:00,3572.331,0.05738549983190247,17511.426470588234,66807.59514489223,1.0,1.0300000000000002,6.0,22.0,764.0,2480.0,5956.8,228577.0499999999,312333.94,411469.0,0,0,79
tblOperationLog,Exp20190514,80,Press,Exp20190514-S80-003,312,2019-05-14 09:27:17.882000+00:00,2019-05-14 10:59:05.108000+00:00,5507.226,0.05665284119445979,17708.122186495177,68059.8584542848,1.0,1.0,4.0,14.0,509.0,2493.5,5993.0,170281.5,350689.99999999866,424471.0,0,0,121
tblOperationLog,Exp20190617,10,Manual,Exp20190617-S10-001,755,2019-06-17 08:03:29.236000+00:00,2019-06-17 10:06:47.967000+00:00,7398.731,0.1020445262843047,9812.640583554377,49993.0163715403,1.0,1.0,4.0,11.0,493.0,1823.75,2981.7,11983.4,242542.55000000005,571931.0,0,0,303
tblOperationLog,Exp20190617,10,Manual,Exp20190617-S10-002,90,2019-06-17 12:03:10.170000+00:00,2019-06-17 12:26:45.105000+00:00,1414.935,0.06360716216645995,15898.14606741573,52797.39406632046,1.0,1.88,5.0,18.0,516.0,2008.0,8263.000000000076,105148.59999999985,251685.92,252976.0,0,0,33
tblOperationLog,Exp20190617,20,MagazineFront,Exp20190617-S20-001,584,2019-06-17 08:03:38.552000+00:00,2019-06-17 09:59:04.301000+00:00,6925.749,0.0843230096845843,11879.500857632933,68996.99074285787,1.0,1.0,6.0,17.0,490.0,1951.5,3004.0000000000005,3954.9,426065.67999999877,812480.0,0,0,226
tblOperationLog,Exp20190617,20,MagazineFront,Exp20190617-S20-002,86,2019-06-17 12:03:52.532000+00:00,2019-06-17 12:26:55.479000+00:00,1382.947,0.06218604183674429,16269.964705882352,71535.0890386847,2.0,2.0,4.0,21.0,503.0,2008.0,3305.200000000004,65203.39999999978,369773.9999999996,473493.0,0,0,30
tblOperationLog,Exp20190617,30,DrillingCPS,Exp20190617-S30-001,589,2019-06-17 08:03:48.948000+00:00,2019-06-17 09:59:14.674000+00:00,6925.726,0.08504523569081422,11778.445578231293,68276.74312891434,1.0,1.0,6.0,17.0,484.0,1515.75,2560.0,6475.049999999999,422904.6499999999,803477.0,0,0,234
tblOperationLog,Exp20190617,30,DrillingCPS,Exp20190617-S30-002,94,2019-06-17 11:59:34.515000+00:00,2019-06-17 12:27:05.815000+00:00,1651.3,0.056924847090171385,17755.913978494624,72108.90847103306,1.0,1.0,6.200000000000001,12.0,502.0,2466.0,6482.4,84296.19999999994,358329.8399999998,459988.0,0,0,38
tblOperationLog,Exp20190617,50,RobotAssembly,Exp20190617-S50-001,159,2019-06-17 08:06:19.355000+00:00,2019-06-17 09:59:45.005000+00:00,6805.65,0.023362941085715547,43073.73417721519,169479.6910507421,1.0,1.0,4.0,10.0,449.5,947.5,12480.800000000001,266136.9000000001,1019349.6400000004,1205468.0,0,0,72
tblOperationLog,Exp20190617,50,RobotAssembly,Exp20190617-S50-002,23,2019-06-17 12:00:09.745000+00:00,2019-06-17 12:16:34.652000+00:00,984.907,0.02335245865853324,44768.5,115194.42966226398,1.0,1.21,5.2,11.5,475.0,955.0,259302.70000000062,316962.94999999995,360748.83999999997,371983.0,0,0,10
tblOperationLog,Exp20190617,60,CameraInspection,Exp20190617-S60-001,557,2019-06-17 08:04:17.472000+00:00,2019-06-17 10:04:32.666000+00:00,7215.194,0.07719820146208127,12976.96762589928,78693.63186240834,1.0,1.0,5.0,16.75,497.5,2002.0,2511.0,16523.25,305821.65000000247,972963.0,0,0,204
tblOperationLog,Exp20190617,60,CameraInspection,Exp20190617-S60-002,101,2019-06-17 12:02:07.391000+00:00,2019-06-17 12:27:35.315000+00:00,1527.924,0.06610276427361571,15279.24,63755.67900030791,1.0,1.99,4.9,15.0,492.0,2004.75,2500.2,81623.15,333815.09000000014,366494.0,0,0,38
tblOperationLog,Exp20190617,70,MagazineBack,Exp20190617-S70-001,549,2019-06-17 08:04:27.591000+00:00,2019-06-17 10:04:49.299000+00:00,7221.708,0.0760207972961521,13178.299270072992,78700.32461365192,1.0,1.0,4.0,10.0,492.0,2507.0,3473.3,20748.949999999957,305117.8599999986,969377.0,0,0,224
tblOperationLog,Exp20190617,70,MagazineBack,Exp20190617-S70-002,100,2019-06-17 12:02:20.041000+00:00,2019-06-17 12:27:45.492000+00:00,1525.451,0.06555438358885339,15408.59595959596,63206.18624236454,1.0,1.0,2.8000000000000007,12.5,492.0,2738.5,3117.0000000000014,81792.19999999998,327711.95999999985,362990.0,0,0,40
tblOperationLog,Exp20190617,80,Press,Exp20190617-S80-001,556,2019-06-17 08:04:38.167000+00:00,2019-06-17 10:05:16.864000+00:00,7238.697,0.07680940368135315,13042.697297297298,73913.47641586968,1.0,1.0,4.0,12.0,501.0,2475.0,5909.8,26114.29999999991,294760.96000000165,920462.0,0,0,207
tblOperationLog,Exp20190617,80,Press,Exp20190617-S80-002,100,2019-06-17 12:02:37.072000+00:00,2019-06-17 12:27:56.019000+00:00,1518.947,0.0658350818033809,15342.89898989899,62239.64275651879,1.0,1.0,3.8000000000000007,16.5,515.0,2428.5,3736.0000000000095,81645.99999999999,317843.19999999984,359993.0,0,0,36
