relative_path,experiment_id,name,extension,size_bytes,sha256,source_type,pipeline_role
Exp20190124/dump_20190124_1035.sql,Exp20190124,dump_20190124_1035.sql,.sql,1537450,b048593408326e31e7e7f4c00add4d1ff7efb032479c43308a96896313822dd9,primary_sql_snapshot,canonical_candidate
Exp20190124/dump_20190124_1102.sql,Exp20190124,dump_20190124_1102.sql,.sql,1254138,9704224034b13b6b6e6c2c07b7e7b7edd4a594addbd0bbc1c02468e43edb7544,primary_sql_snapshot,canonical_candidate
Exp20190320/DataLogger20190320_4154_1641.xlsx,Exp20190320,DataLogger20190320_4154_1641.xlsx,.xlsx,10739,e7af9ef66d07ebd058026977ad45afc56075c5d029674c5f2d652bb953555674,workbook,documentation_or_validation_only
Exp20190320/PerformanceMonitorServerElab4155memoccupied.png,Exp20190320,PerformanceMonitorServerElab4155memoccupied.png,.png,247209,1ffb8ff7dce2f69db6d93d850830fcecc60e12ffa677316bf2f8a4f081e76b1d,screenshot,documentation_only
Exp20190320/PerformanceMonitorServerElab4155processor.png,Exp20190320,PerformanceMonitorServerElab4155processor.png,.png,217668,7ef42d6f13484eda1b296a9937fee696d7c94259de523d671496cc36f183cd08,screenshot,documentation_only
Exp20190320/PerformanceMonitorServerNoproc.png,Exp20190320,PerformanceMonitorServerNoproc.png,.png,251352,142355a83e854e9d6bcde2f15e04ad0118285cafa55b65341057738fcd1ed845,screenshot,documentation_only
Exp20190320/UI4155.png,Exp20190320,UI4155.png,.png,156130,a8dabfcdf5da1c0daf2747fb36e43d5593055b3e44cf050da2093d4a93b0c6e2,screenshot,documentation_only
Exp20190320/dump_20190320_1641.sql,Exp20190320,dump_20190320_1641.sql,.sql,3758881,7af1331c55f35d2f228b2d05e97b6d6100d13fee80e138af0d14042a9a1d4f7c,primary_sql_snapshot,canonical_candidate
Exp20190320/dump_20190320_1718.sql,Exp20190320,dump_20190320_1718.sql,.sql,5654978,6c0b4b17756a259bc65b95f4009e0229b3905b022d9acdf1417a6762138db5f6,primary_sql_snapshot,canonical_candidate
Exp20190320/dump_20190320_1718_new.sql,Exp20190320,dump_20190320_1718_new.sql,.sql,5655009,f51e0a4a54d5e993e1e6664b3c931c466b82985a19c97bc3ade50455eb1cf4b1,primary_sql_snapshot,canonical_candidate
Exp20190320/dump_20190320_4154 (2).txt,Exp20190320,dump_20190320_4154 (2).txt,.txt,3916,b3ea5188ddd14ae01f6c9386c4d5059aaca7ad53be5020a875f29528603afba0,probe_opcua_log,auxiliary_only
Exp20190320/probe1_20190320_4154_1641.txt,Exp20190320,probe1_20190320_4154_1641.txt,.txt,6344,5e80571fdad69924a96e5534bd6fde90bc97970d29b93e97a8c711ed0c5972a8,probe_opcua_log,auxiliary_only
Exp20190320/probe1_20190320_4155_1718.txt,Exp20190320,probe1_20190320_4155_1718.txt,.txt,3423,182834d5ea10a20f9e5c0f8350638eb58a4ad820d0996b17f410bb159518a07f,probe_opcua_log,auxiliary_only
Exp20190320/query_20190320_1641.txt,Exp20190320,query_20190320_1641.txt,.txt,7692339,38a885b859e78217434d107fa71fe8e4552a3d8200cab629d512d2976a3c0ed5,sparse_query_export,validation_only
Exp20190320/query_20190320_1718.txt,Exp20190320,query_20190320_1718.txt,.txt,11564235,69e1d63574cfa75d9646d02d0167b22dc6ff2843c0d09e0a6f814eeeb9074278,sparse_query_export,validation_only
Exp20190416/dump_20190416_1004.sql,Exp20190416,dump_20190416_1004.sql,.sql,741144,071c6d1b48c90889dd5977a15a23a1b6ebb7bb048eb1326a7f304ff169d15e91,primary_sql_snapshot,canonical_candidate
Exp20190416/dump_20190416_1116.sql,Exp20190416,dump_20190416_1116.sql,.sql,5284767,7bbbdf3be1a81c742bee7c3947401fb422e70de3aed116e3af5d054047798033,primary_sql_snapshot,canonical_candidate
Exp20190416/dump_20190416_1116_new.sql,Exp20190416,dump_20190416_1116_new.sql,.sql,5284891,5af333274a124a58874b5969345918fe39131e207c27276aeab010ea8ba0828f,primary_sql_snapshot,canonical_candidate
Exp20190416/dump_20190416_1515.sql,Exp20190416,dump_20190416_1515.sql,.sql,4012129,5d0cb0b35c68e0e6f2db817283f6edd7eae88116e4e2d08cddd2320c72ab16d3,primary_sql_snapshot,canonical_candidate
Exp20190416/dump_20190416_1630.sql,Exp20190416,dump_20190416_1630.sql,.sql,4393545,a12dce970703272eb75cf8d09405782172c23c3ec4224865fccb78c0a6526ae1,primary_sql_snapshot,canonical_candidate
Exp20190416/dump_20190416_1807.sql,Exp20190416,dump_20190416_1807.sql,.sql,6704869,72dc64f81ba21d710bee92e81fadb001b187288efe4e1479e6c1c275da668885,primary_sql_snapshot,canonical_candidate
Exp20190416/dump_20190416_1807_new.sql,Exp20190416,dump_20190416_1807_new.sql,.sql,6704993,93b0a9bdc8e5ae8042d58c1354289960452abfe11b09028108f851186631f423,primary_sql_snapshot,canonical_candidate
Exp20190416/dump_20190416_1844.sql,Exp20190416,dump_20190416_1844.sql,.sql,2108522,1c8bc19311ba74e860beeea502eeaa80f154971d413761b20da3f198a79ff601,primary_sql_snapshot,canonical_candidate
Exp20190514/1_20190514.txt,Exp20190514,1_20190514.txt,.txt,28474,0cbab1d7473a0800e2f5f481fbf34c94750989747e7a85b1eec3433a9ba39137,probe_annotated_capture,auxiliary_only
Exp20190514/2_fuse20190514.txt,Exp20190514,2_fuse20190514.txt,.txt,28161,19c79fb34a1ff3b48b8a6af9e17c7646557583b0ba3cd68a081f6e2f6dc927b7,probe_annotated_capture,auxiliary_only
Exp20190514/Elaborazioni_dati_exp20190514_1123_1302.xlsx,Exp20190514,Elaborazioni_dati_exp20190514_1123_1302.xlsx,.xlsx,105036,024f185af14585b4bb359b17427df7ee84f275ff0af45761e29afac854b3cb1e,workbook,documentation_or_validation_only
Exp20190514/Expe-summary.xlsx,Exp20190514,Expe-summary.xlsx,.xlsx,50369,e6e7e2f0fc8166cd319265a8bf38f9824761b35b803b4628ce5d2024233f7930,workbook,documentation_or_validation_only
Exp20190514/dump_20190514_1122_new.sql,Exp20190514,dump_20190514_1122_new.sql,.sql,5634140,f3846fbd648199df3c152ed923dc7ab1fcc12afa56a7468887022824236b7a86,primary_sql_snapshot,canonical_candidate
Exp20190514/dump_20190514_1302.sql,Exp20190514,dump_20190514_1302.sql,.sql,6345362,544ad5a2448f683271f83aec475f78de0ce10e8521750cb4eb265b21bf1538a8,primary_sql_snapshot,canonical_candidate
Exp20190514/dump_20190514_1302_new.sql,Exp20190514,dump_20190514_1302_new.sql,.sql,6345486,3f3013620bdd8c1828841106bbee4c6be13c9bdec51b8ee4289a21eb21d06e98,primary_sql_snapshot,canonical_candidate
Exp20190514/probe_20190514_1122.txt,Exp20190514,probe_20190514_1122.txt,.txt,21885,38e893d6ee649db81c39e4f8daff1a5cc0d04b9cc99718615345e348db85fee1,probe_opcua_log,auxiliary_only
Exp20190514/probe_20190514_1302.txt,Exp20190514,probe_20190514_1302.txt,.txt,19851,1c1fb8930cb9f6ad9ed20927d533aea70413a7d999b842a208afe3b149b46234,probe_opcua_log,auxiliary_only
Exp20190514/query_20190514_1122_lim.txt,Exp20190514,query_20190514_1122_lim.txt,.txt,6786,e36a8671c51ce918bcac643a9a504856cf042d0d9cb272ff1b46ecaeb1c3770b,sparse_query_export,validation_only
Exp20190514/query_20190514_1302.txt,Exp20190514,query_20190514_1302.txt,.txt,12769748,8c012ba2092d7a7a9c0020e7678db9f1505cb88e1277d4047e6d1dd0850914c3,sparse_query_export,validation_only
Exp20190514/query_20190514_1302_lim.txt,Exp20190514,query_20190514_1302_lim.txt,.txt,1245904,6a1b19d52df0334253dce737975648312cef9853ba77d575e05c58ee3af8b66a,sparse_query_export,validation_only
Exp20190617/Produzioneconcinquepezzidiseguito.png,Exp20190617,Produzioneconcinquepezzidiseguito.png,.png,193929,657c8808a56659faba47e78a4c6cb6a0de6f6af55413deb556369ecf3b1c053a,screenshot,documentation_only
Exp20190617/Produzioneconquattropezzidiseguito.png,Exp20190617,Produzioneconquattropezzidiseguito.png,.png,144863,0bb8099ee23ece51b44c9315f706f81a19f4f82fcb4f1192b5eebc1ff480d1f5,screenshot,documentation_only
Exp20190617/Produzionecontrepezzidiseguito.png,Exp20190617,Produzionecontrepezzidiseguito.png,.png,183290,071fdd077977644bf6aef8b360e3ff752f6349bd1e52e5cc80c8427b9deb79d9,screenshot,documentation_only
Exp20190617/dump_20190617_1130.sql,Exp20190617,dump_20190617_1130.sql,.sql,5888278,3e6f909e00c5df5f61f33c31030f3be46350df101e2a95a2e669612ab9316b6c,primary_sql_snapshot,canonical_candidate
Exp20190617/dump_20190617_1209.sql,Exp20190617,dump_20190617_1209.sql,.sql,8360961,f63c61629f19148539d84442d9a36c40d14991b01aa73b7609d9d50952ba93a2,primary_sql_snapshot,canonical_candidate
Exp20190617/dump_20190617_1209_new.sql,Exp20190617,dump_20190617_1209_new.sql,.sql,8361085,4d4ad161b547c9c7b9af12b837ba6b7bbde75dd27e1ad74789b9465b16d42cd4,primary_sql_snapshot,canonical_candidate
Exp20190617/dump_20190617_1429.sql,Exp20190617,dump_20190617_1429.sql,.sql,1853778,e90302cbf9f911dd23349f02c51cfe316e63159a1b42861f3ed5cfd65b47fd92,primary_sql_snapshot,canonical_candidate
Exp20190617/query_20190617_1130.txt,Exp20190617,query_20190617_1130.txt,.txt,12023436,302b18ffc76c730e41359532144e11ebd27432fa109289122fe4e5c2bab61496,sparse_query_export,validation_only
Exp20190617/query_20190617_1209.txt,Exp20190617,query_20190617_1209.txt,.txt,17060229,439fbb325b1a400b73c92402ddd411fa2ced050c4d40ae022af4db9347aa78a5,sparse_query_export,validation_only
Exp20190617/query_20190617_1429.txt,Exp20190617,query_20190617_1429.txt,.txt,3800094,5b9d3aff1aa9e7a3ad27042bc92be557e468e730b8d0dd4837c4be3992ebc752,sparse_query_export,validation_only
