relative_path,experiment_id,is_canonical_snapshot,table,schema_names,columns,row_count,exact_duplicate_rows,different_rows_same_resource_timestamp,timestamp_order_regressions_raw_order,timestamp_start_epoch_ms,timestamp_end_epoch_ms
Exp20190124/dump_20190124_1035.sql,Exp20190124,True,tblMachineReport,"[""polimi""]","[""ResourceID"",""timeStamp"",""Busy"",""RFIDTagPresent"",""Done""]",0,0,0,0,,
Exp20190124/dump_20190124_1035.sql,Exp20190124,True,tblOperationLog,"[""polimi""]","[""ResourceID"",""timeStamp"",""Busy"",""RFIDTagPresent"",""Done"",""StationEntryxBG5"",""ReadyAtStationxBG1"",""DoneWorkingxBG9"",""StationExitxBG6"",""OperationNo"",""WorkPlanNo"",""OrderNo"",""StepNo"",""CarrierID"",""iResourceID"",""OrderPosition"",""PartNumber""]",682,0,0,1,1548321430283.0,1548322264232.0
Exp20190124/dump_20190124_1035.sql,Exp20190124,True,tblPowerLog,"[""polimi""]","[""ResourceID"",""timeStamp"",""ActivePowerL1"",""Flow"",""Pressure""]",22203,0,0,1,1548321201693.0,1548322554584.0
Exp20190124/dump_20190124_1035.sql,Exp20190124,True,tblSensorsLog,"[""polimi""]","[""ResourceID"",""timeStamp"",""StationEntryxBG5"",""ReadyAtStationxBG1"",""DoneWorkingxBG9"",""StationExitxBG6""]",0,0,0,0,,
Exp20190124/dump_20190124_1102.sql,Exp20190124,True,tblMachineReport,"[""polimi""]","[""ResourceID"",""timeStamp"",""Busy"",""RFIDTagPresent"",""Done""]",0,0,0,0,,
Exp20190124/dump_20190124_1102.sql,Exp20190124,True,tblOperationLog,"[""polimi""]","[""ResourceID"",""timeStamp"",""Busy"",""RFIDTagPresent"",""Done"",""StationEntryxBG5"",""ReadyAtStationxBG1"",""DoneWorkingxBG9"",""StationExitxBG6"",""OperationNo"",""WorkPlanNo"",""OrderNo"",""StepNo"",""CarrierID"",""iResourceID"",""OrderPosition"",""PartNumber""]",524,0,0,0,1548323251704.0,1548324024185.0
Exp20190124/dump_20190124_1102.sql,Exp20190124,True,tblPowerLog,"[""polimi""]","[""ResourceID"",""timeStamp"",""ActivePowerL1"",""Flow"",""Pressure""]",18084,0,0,0,1548323071301.0,1548324153406.0
Exp20190124/dump_20190124_1102.sql,Exp20190124,True,tblSensorsLog,"[""polimi""]","[""ResourceID"",""timeStamp"",""StationEntryxBG5"",""ReadyAtStationxBG1"",""DoneWorkingxBG9"",""StationExitxBG6""]",0,0,0,0,,
Exp20190320/dump_20190320_1641.sql,Exp20190320,True,tblMachineReport,"[""polimi""]","[""ResourceID"",""timeStamp"",""Busy"",""RFIDTagPresent"",""Done""]",0,0,0,0,,
Exp20190320/dump_20190320_1641.sql,Exp20190320,True,tblOperationLog,"[""polimi""]","[""ResourceID"",""timeStamp"",""Busy"",""RFIDTagPresent"",""Done"",""StationEntryxBG5"",""ReadyAtStationxBG1"",""DoneWorkingxBG9"",""StationExitxBG6"",""OperationNo"",""WorkPlanNo"",""OrderNo"",""StepNo"",""CarrierID"",""iResourceID"",""OrderPosition"",""PartNumber""]",405,0,0,0,1553093133954.0,1553094228603.0
Exp20190320/dump_20190320_1641.sql,Exp20190320,True,tblPowerLog,"[""polimi""]","[""ResourceID"",""timeStamp"",""ActivePowerL1"",""Flow"",""Pressure""]",57401,0,0,4,1553092006988.0,1553096472810.0
Exp20190320/dump_20190320_1641.sql,Exp20190320,True,tblSensorsLog,"[""polimi""]","[""ResourceID"",""timeStamp"",""StationEntryxBG5"",""ReadyAtStationxBG1"",""DoneWorkingxBG9"",""StationExitxBG6""]",0,0,0,0,,
Exp20190320/dump_20190320_1718.sql,Exp20190320,False,tblMachineReport,"[""polimi""]","[""ResourceID"",""timeStamp"",""Busy"",""RFIDTagPresent"",""Done""]",0,0,0,0,,
Exp20190320/dump_20190320_1718.sql,Exp20190320,False,tblOperationLog,"[""polimi""]","[""ResourceID"",""timeStamp"",""Busy"",""RFIDTagPresent"",""Done"",""StationEntryxBG5"",""ReadyAtStationxBG1"",""DoneWorkingxBG9"",""StationExitxBG6"",""OperationNo"",""WorkPlanNo"",""OrderNo"",""StepNo"",""CarrierID"",""iResourceID"",""OrderPosition"",""PartNumber""]",727,0,0,0,1553093133954.0,1553098490888.0
Exp20190320/dump_20190320_1718.sql,Exp20190320,False,tblPowerLog,"[""polimi""]","[""ResourceID"",""timeStamp"",""ActivePowerL1"",""Flow"",""Pressure""]",86189,0,0,6,1553092006988.0,1553098688318.0
Exp20190320/dump_20190320_1718.sql,Exp20190320,False,tblSensorsLog,"[""polimi""]","[""ResourceID"",""timeStamp"",""StationEntryxBG5"",""ReadyAtStationxBG1"",""DoneWorkingxBG9"",""StationExitxBG6""]",0,0,0,0,,
Exp20190320/dump_20190320_1718_new.sql,Exp20190320,True,tblMachineReport,"[""polimi1""]","[""ResourceID"",""timeStamp"",""Busy"",""RFIDTagPresent"",""Done""]",0,0,0,0,,
Exp20190320/dump_20190320_1718_new.sql,Exp20190320,True,tblOperationLog,"[""polimi1""]","[""ResourceID"",""timeStamp"",""Busy"",""RFIDTagPresent"",""Done"",""StationEntryxBG5"",""ReadyAtStationxBG1"",""DoneWorkingxBG9"",""StationExitxBG6"",""OperationNo"",""WorkPlanNo"",""OrderNo"",""StepNo"",""CarrierID"",""iResourceID"",""OrderPosition"",""PartNumber""]",727,0,0,0,1553093133954.0,1553098490888.0
Exp20190320/dump_20190320_1718_new.sql,Exp20190320,True,tblPowerLog,"[""polimi1""]","[""ResourceID"",""timeStamp"",""ActivePowerL1"",""Flow"",""Pressure""]",86189,0,0,6,1553092006988.0,1553098688318.0
Exp20190320/dump_20190320_1718_new.sql,Exp20190320,True,tblSensorsLog,"[""polimi1""]","[""ResourceID"",""timeStamp"",""StationEntryxBG5"",""ReadyAtStationxBG1"",""DoneWorkingxBG9"",""StationExitxBG6""]",0,0,0,0,,
Exp20190416/dump_20190416_1004.sql,Exp20190416,True,tblMachineReport,"[""polimi""]","[""ResourceID"",""timeStamp"",""Busy"",""RFIDTagPresent"",""Done""]",0,0,0,0,,
Exp20190416/dump_20190416_1004.sql,Exp20190416,True,tblOperationLog,"[""polimi""]","[""ResourceID"",""timeStamp"",""Busy"",""RFIDTagPresent"",""Done"",""StationEntryxBG5"",""ReadyAtStationxBG1"",""DoneWorkingxBG9"",""StationExitxBG6"",""OperationNo"",""WorkPlanNo"",""OrderNo"",""StepNo"",""CarrierID"",""iResourceID"",""OrderPosition"",""PartNumber""]",308,0,0,0,1555399626400.0,1555400123526.0
Exp20190416/dump_20190416_1004.sql,Exp20190416,True,tblPowerLog,"[""polimi""]","[""ResourceID"",""timeStamp"",""ActivePowerL1"",""Flow"",""Pressure""]",10905,0,0,2,1555399428384.0,1555400136207.0
Exp20190416/dump_20190416_1004.sql,Exp20190416,True,tblSensorsLog,"[""polimi""]","[""ResourceID"",""timeStamp"",""StationEntryxBG5"",""ReadyAtStationxBG1"",""DoneWorkingxBG9"",""StationExitxBG6""]",0,0,0,0,,
Exp20190416/dump_20190416_1116.sql,Exp20190416,False,tblMachineReport,"[""polimi""]","[""ResourceID"",""timeStamp"",""Busy"",""RFIDTagPresent"",""Done""]",0,0,0,0,,
Exp20190416/dump_20190416_1116.sql,Exp20190416,False,tblOperationLog,"[""polimi""]","[""ResourceID"",""timeStamp"",""Busy"",""RFIDTagPresent"",""Done"",""StationEntryxBG5"",""ReadyAtStationxBG1"",""DoneWorkingxBG9"",""StationExitxBG6"",""OperationNo"",""WorkPlanNo"",""OrderNo"",""StepNo"",""CarrierID"",""iResourceID"",""OrderPosition"",""PartNumber""]",11916,0,0,3,1555402697168.0,1555406184042.0
Exp20190416/dump_20190416_1116.sql,Exp20190416,False,tblPowerLog,"[""polimi""]","[""ResourceID"",""timeStamp"",""ActivePowerL1"",""Flow"",""Pressure""]",64767,0,0,0,1555402600121.0,1555406184418.0
Exp20190416/dump_20190416_1116.sql,Exp20190416,False,tblSensorsLog,"[""polimi""]","[""ResourceID"",""timeStamp"",""StationEntryxBG5"",""ReadyAtStationxBG1"",""DoneWorkingxBG9"",""StationExitxBG6""]",0,0,0,0,,
Exp20190416/dump_20190416_1116_new.sql,Exp20190416,True,tblMachineReport,"[""polimi1116""]","[""ResourceID"",""timeStamp"",""Busy"",""RFIDTagPresent"",""Done""]",0,0,0,0,,
Exp20190416/dump_20190416_1116_new.sql,Exp20190416,True,tblOperationLog,"[""polimi1116""]","[""ResourceID"",""timeStamp"",""Busy"",""RFIDTagPresent"",""Done"",""StationEntryxBG5"",""ReadyAtStationxBG1"",""DoneWorkingxBG9"",""StationExitxBG6"",""OperationNo"",""WorkPlanNo"",""OrderNo"",""StepNo"",""CarrierID"",""iResourceID"",""OrderPosition"",""PartNumber""]",11916,0,0,3,1555402697168.0,1555406184042.0
Exp20190416/dump_20190416_1116_new.sql,Exp20190416,True,tblPowerLog,"[""polimi1116""]","[""ResourceID"",""timeStamp"",""ActivePowerL1"",""Flow"",""Pressure""]",64767,0,0,0,1555402600121.0,1555406184418.0
Exp20190416/dump_20190416_1116_new.sql,Exp20190416,True,tblSensorsLog,"[""polimi1116""]","[""ResourceID"",""timeStamp"",""StationEntryxBG5"",""ReadyAtStationxBG1"",""DoneWorkingxBG9"",""StationExitxBG6""]",0,0,0,0,,
Exp20190416/dump_20190416_1515.sql,Exp20190416,True,tblMachineReport,"[""polimi""]","[""ResourceID"",""timeStamp"",""Busy"",""RFIDTagPresent"",""Done""]",0,0,0,0,,
Exp20190416/dump_20190416_1515.sql,Exp20190416,True,tblOperationLog,"[""polimi""]","[""ResourceID"",""timeStamp"",""Busy"",""RFIDTagPresent"",""Done"",""StationEntryxBG5"",""ReadyAtStationxBG1"",""DoneWorkingxBG9"",""StationExitxBG6"",""OperationNo"",""WorkPlanNo"",""OrderNo"",""StepNo"",""CarrierID"",""iResourceID"",""OrderPosition"",""PartNumber""]",7631,0,0,1,1555417584870.0,1555420559697.0
Exp20190416/dump_20190416_1515.sql,Exp20190416,True,tblPowerLog,"[""polimi""]","[""ResourceID"",""timeStamp"",""ActivePowerL1"",""Flow"",""Pressure""]",50629,0,0,1,1555417351759.0,1555420560418.0
Exp20190416/dump_20190416_1515.sql,Exp20190416,True,tblSensorsLog,"[""polimi""]","[""ResourceID"",""timeStamp"",""StationEntryxBG5"",""ReadyAtStationxBG1"",""DoneWorkingxBG9"",""StationExitxBG6""]",0,0,0,0,,
Exp20190416/dump_20190416_1630.sql,Exp20190416,True,tblMachineReport,"[""polimi""]","[""ResourceID"",""timeStamp"",""Busy"",""RFIDTagPresent"",""Done""]",0,0,0,0,,
Exp20190416/dump_20190416_1630.sql,Exp20190416,True,tblOperationLog,"[""polimi""]","[""ResourceID"",""timeStamp"",""Busy"",""RFIDTagPresent"",""Done"",""StationEntryxBG5"",""ReadyAtStationxBG1"",""DoneWorkingxBG9"",""StationExitxBG6"",""OperationNo"",""WorkPlanNo"",""OrderNo"",""StepNo"",""CarrierID"",""iResourceID"",""OrderPosition"",""PartNumber""]",1369,0,0,0,1555421329117.0,1555424902560.0
Exp20190416/dump_20190416_1630.sql,Exp20190416,True,tblPowerLog,"[""polimi""]","[""ResourceID"",""timeStamp"",""ActivePowerL1"",""Flow"",""Pressure""]",63185,0,0,6,1555421327710.0,1555425046623.0
Exp20190416/dump_20190416_1630.sql,Exp20190416,True,tblSensorsLog,"[""polimi""]","[""ResourceID"",""timeStamp"",""StationEntryxBG5"",""ReadyAtStationxBG1"",""DoneWorkingxBG9"",""StationExitxBG6""]",0,0,0,0,,
Exp20190416/dump_20190416_1807.sql,Exp20190416,False,tblMachineReport,"[""polimi""]","[""ResourceID"",""timeStamp"",""Busy"",""RFIDTagPresent"",""Done""]",0,0,0,0,,
Exp20190416/dump_20190416_1807.sql,Exp20190416,False,tblOperationLog,"[""polimi""]","[""ResourceID"",""timeStamp"",""Busy"",""RFIDTagPresent"",""Done"",""StationEntryxBG5"",""ReadyAtStationxBG1"",""DoneWorkingxBG9"",""StationExitxBG6"",""OperationNo"",""WorkPlanNo"",""OrderNo"",""StepNo"",""CarrierID"",""iResourceID"",""OrderPosition"",""PartNumber""]",2160,0,0,3,1555425317561.0,1555430712071.0
Exp20190416/dump_20190416_1807.sql,Exp20190416,False,tblPowerLog,"[""polimi""]","[""ResourceID"",""timeStamp"",""ActivePowerL1"",""Flow"",""Pressure""]",96171,0,0,7,1555425279298.0,1555430874493.0
Exp20190416/dump_20190416_1807.sql,Exp20190416,False,tblSensorsLog,"[""polimi""]","[""ResourceID"",""timeStamp"",""StationEntryxBG5"",""ReadyAtStationxBG1"",""DoneWorkingxBG9"",""StationExitxBG6""]",0,0,0,0,,
Exp20190416/dump_20190416_1807_new.sql,Exp20190416,True,tblMachineReport,"[""polimi1807""]","[""ResourceID"",""timeStamp"",""Busy"",""RFIDTagPresent"",""Done""]",0,0,0,0,,
Exp20190416/dump_20190416_1807_new.sql,Exp20190416,True,tblOperationLog,"[""polimi1807""]","[""ResourceID"",""timeStamp"",""Busy"",""RFIDTagPresent"",""Done"",""StationEntryxBG5"",""ReadyAtStationxBG1"",""DoneWorkingxBG9"",""StationExitxBG6"",""OperationNo"",""WorkPlanNo"",""OrderNo"",""StepNo"",""CarrierID"",""iResourceID"",""OrderPosition"",""PartNumber""]",2160,0,0,3,1555425317561.0,1555430712071.0
Exp20190416/dump_20190416_1807_new.sql,Exp20190416,True,tblPowerLog,"[""polimi1807""]","[""ResourceID"",""timeStamp"",""ActivePowerL1"",""Flow"",""Pressure""]",96171,0,0,7,1555425279298.0,1555430874493.0
Exp20190416/dump_20190416_1807_new.sql,Exp20190416,True,tblSensorsLog,"[""polimi1807""]","[""ResourceID"",""timeStamp"",""StationEntryxBG5"",""ReadyAtStationxBG1"",""DoneWorkingxBG9"",""StationExitxBG6""]",0,0,0,0,,
Exp20190416/dump_20190416_1844.sql,Exp20190416,True,tblMachineReport,"[""polimi""]","[""ResourceID"",""timeStamp"",""Busy"",""RFIDTagPresent"",""Done""]",0,0,0,0,,
Exp20190416/dump_20190416_1844.sql,Exp20190416,True,tblOperationLog,"[""polimi""]","[""ResourceID"",""timeStamp"",""Busy"",""RFIDTagPresent"",""Done"",""StationEntryxBG5"",""ReadyAtStationxBG1"",""DoneWorkingxBG9"",""StationExitxBG6"",""OperationNo"",""WorkPlanNo"",""OrderNo"",""StepNo"",""CarrierID"",""iResourceID"",""OrderPosition"",""PartNumber""]",628,0,0,0,1555431333802.0,1555433045986.0
Exp20190416/dump_20190416_1844.sql,Exp20190416,True,tblPowerLog,"[""polimi""]","[""ResourceID"",""timeStamp"",""ActivePowerL1"",""Flow"",""Pressure""]",30216,0,0,4,1555431331257.0,1555433087452.0
Exp20190416/dump_20190416_1844.sql,Exp20190416,True,tblSensorsLog,"[""polimi""]","[""ResourceID"",""timeStamp"",""StationEntryxBG5"",""ReadyAtStationxBG1"",""DoneWorkingxBG9"",""StationExitxBG6""]",0,0,0,0,,
Exp20190514/dump_20190514_1122_new.sql,Exp20190514,True,tblMachineReport,"[""polimi1122""]","[""ResourceID"",""timeStamp"",""Busy"",""RFIDTagPresent"",""Done""]",0,0,0,0,,
Exp20190514/dump_20190514_1122_new.sql,Exp20190514,True,tblOperationLog,"[""polimi1122""]","[""ResourceID"",""timeStamp"",""Busy"",""RFIDTagPresent"",""Done"",""StationEntryxBG5"",""ReadyAtStationxBG1"",""DoneWorkingxBG9"",""StationExitxBG6"",""OperationNo"",""WorkPlanNo"",""OrderNo"",""StepNo"",""CarrierID"",""iResourceID"",""OrderPosition"",""PartNumber""]",1969,0,0,0,1557819378338.0,1557825608778.0
Exp20190514/dump_20190514_1122_new.sql,Exp20190514,True,tblPowerLog,"[""polimi1122""]","[""ResourceID"",""timeStamp"",""ActivePowerL1"",""Flow"",""Pressure""]",86064,0,0,3,1557818920553.0,1557825758540.0
Exp20190514/dump_20190514_1122_new.sql,Exp20190514,True,tblSensorsLog,"[""polimi1122""]","[""ResourceID"",""timeStamp"",""StationEntryxBG5"",""ReadyAtStationxBG1"",""DoneWorkingxBG9"",""StationExitxBG6""]",0,0,0,0,,
Exp20190514/dump_20190514_1302.sql,Exp20190514,False,tblMachineReport,"[""polimi""]","[""ResourceID"",""timeStamp"",""Busy"",""RFIDTagPresent"",""Done""]",0,0,0,0,,
Exp20190514/dump_20190514_1302.sql,Exp20190514,False,tblOperationLog,"[""polimi""]","[""ResourceID"",""timeStamp"",""Busy"",""RFIDTagPresent"",""Done"",""StationEntryxBG5"",""ReadyAtStationxBG1"",""DoneWorkingxBG9"",""StationExitxBG6"",""OperationNo"",""WorkPlanNo"",""OrderNo"",""StepNo"",""CarrierID"",""iResourceID"",""OrderPosition"",""PartNumber""]",2000,0,0,2,1557825929280.0,1557831581996.0
Exp20190514/dump_20190514_1302.sql,Exp20190514,False,tblPowerLog,"[""polimi""]","[""ResourceID"",""timeStamp"",""ActivePowerL1"",""Flow"",""Pressure""]",93969,0,0,7,1557825927270.0,1557831767461.0
Exp20190514/dump_20190514_1302.sql,Exp20190514,False,tblSensorsLog,"[""polimi""]","[""ResourceID"",""timeStamp"",""StationEntryxBG5"",""ReadyAtStationxBG1"",""DoneWorkingxBG9"",""StationExitxBG6""]",0,0,0,0,,
Exp20190514/dump_20190514_1302_new.sql,Exp20190514,True,tblMachineReport,"[""polimi1302""]","[""ResourceID"",""timeStamp"",""Busy"",""RFIDTagPresent"",""Done""]",0,0,0,0,,
Exp20190514/dump_20190514_1302_new.sql,Exp20190514,True,tblOperationLog,"[""polimi1302""]","[""ResourceID"",""timeStamp"",""Busy"",""RFIDTagPresent"",""Done"",""StationEntryxBG5"",""ReadyAtStationxBG1"",""DoneWorkingxBG9"",""StationExitxBG6"",""OperationNo"",""WorkPlanNo"",""OrderNo"",""StepNo"",""CarrierID"",""iResourceID"",""OrderPosition"",""PartNumber""]",2000,0,0,2,1557825929280.0,1557831581996.0
Exp20190514/dump_20190514_1302_new.sql,Exp20190514,True,tblPowerLog,"[""polimi1302""]","[""ResourceID"",""timeStamp"",""ActivePowerL1"",""Flow"",""Pressure""]",93969,0,0,7,1557825927270.0,1557831767461.0
Exp20190514/dump_20190514_1302_new.sql,Exp20190514,True,tblSensorsLog,"[""polimi1302""]","[""ResourceID"",""timeStamp"",""StationEntryxBG5"",""ReadyAtStationxBG1"",""DoneWorkingxBG9"",""StationExitxBG6""]",0,0,0,0,,
Exp20190617/dump_20190617_1130.sql,Exp20190617,True,tblMachineReport,"[""polimi""]","[""ResourceID"",""timeStamp"",""Busy"",""RFIDTagPresent"",""Done""]",0,0,0,0,,
Exp20190617/dump_20190617_1130.sql,Exp20190617,True,tblOperationLog,"[""polimi""]","[""ResourceID"",""timeStamp"",""Busy"",""RFIDTagPresent"",""Done"",""StationEntryxBG5"",""ReadyAtStationxBG1"",""DoneWorkingxBG9"",""StationExitxBG6"",""OperationNo"",""WorkPlanNo"",""OrderNo"",""StepNo"",""CarrierID"",""iResourceID"",""OrderPosition"",""PartNumber""]",2650,0,0,0,1560758609236.0,1560763605054.0
Exp20190617/dump_20190617_1130.sql,Exp20190617,True,tblPowerLog,"[""polimi""]","[""ResourceID"",""timeStamp"",""ActivePowerL1"",""Flow"",""Pressure""]",87037,0,0,47,1560758296181.0,1560763843620.0
Exp20190617/dump_20190617_1130.sql,Exp20190617,True,tblSensorsLog,"[""polimi""]","[""ResourceID"",""timeStamp"",""StationEntryxBG5"",""ReadyAtStationxBG1"",""DoneWorkingxBG9"",""StationExitxBG6""]",0,0,0,0,,
Exp20190617/dump_20190617_1209.sql,Exp20190617,False,tblMachineReport,"[""polimi""]","[""ResourceID"",""timeStamp"",""Busy"",""RFIDTagPresent"",""Done""]",0,0,0,0,,
Exp20190617/dump_20190617_1209.sql,Exp20190617,False,tblOperationLog,"[""polimi""]","[""ResourceID"",""timeStamp"",""Busy"",""RFIDTagPresent"",""Done"",""StationEntryxBG5"",""ReadyAtStationxBG1"",""DoneWorkingxBG9"",""StationExitxBG6"",""OperationNo"",""WorkPlanNo"",""OrderNo"",""StepNo"",""CarrierID"",""iResourceID"",""OrderPosition"",""PartNumber""]",3749,0,0,0,1560758609236.0,1560766007967.0
Exp20190617/dump_20190617_1209.sql,Exp20190617,False,tblPowerLog,"[""polimi""]","[""ResourceID"",""timeStamp"",""ActivePowerL1"",""Flow"",""Pressure""]",123512,0,0,47,1560758296181.0,1560766155405.0
Exp20190617/dump_20190617_1209.sql,Exp20190617,False,tblSensorsLog,"[""polimi""]","[""ResourceID"",""timeStamp"",""StationEntryxBG5"",""ReadyAtStationxBG1"",""DoneWorkingxBG9"",""StationExitxBG6""]",0,0,0,0,,
Exp20190617/dump_20190617_1209_new.sql,Exp20190617,True,tblMachineReport,"[""polimi1209""]","[""ResourceID"",""timeStamp"",""Busy"",""RFIDTagPresent"",""Done""]",0,0,0,0,,
Exp20190617/dump_20190617_1209_new.sql,Exp20190617,True,tblOperationLog,"[""polimi1209""]","[""ResourceID"",""timeStamp"",""Busy"",""RFIDTagPresent"",""Done"",""StationEntryxBG5"",""ReadyAtStationxBG1"",""DoneWorkingxBG9"",""StationExitxBG6"",""OperationNo"",""WorkPlanNo"",""OrderNo"",""StepNo"",""CarrierID"",""iResourceID"",""OrderPosition"",""PartNumber""]",3749,0,0,0,1560758609236.0,1560766007967.0
Exp20190617/dump_20190617_1209_new.sql,Exp20190617,True,tblPowerLog,"[""polimi1209""]","[""ResourceID"",""timeStamp"",""ActivePowerL1"",""Flow"",""Pressure""]",123512,0,0,47,1560758296181.0,1560766155405.0
Exp20190617/dump_20190617_1209_new.sql,Exp20190617,True,tblSensorsLog,"[""polimi1209""]","[""ResourceID"",""timeStamp"",""StationEntryxBG5"",""ReadyAtStationxBG1"",""DoneWorkingxBG9"",""StationExitxBG6""]",0,0,0,0,,
Exp20190617/dump_20190617_1429.sql,Exp20190617,True,tblMachineReport,"[""polimi""]","[""ResourceID"",""timeStamp"",""Busy"",""RFIDTagPresent"",""Done""]",0,0,0,0,,
Exp20190617/dump_20190617_1429.sql,Exp20190617,True,tblOperationLog,"[""polimi""]","[""ResourceID"",""timeStamp"",""Busy"",""RFIDTagPresent"",""Done"",""StationEntryxBG5"",""ReadyAtStationxBG1"",""DoneWorkingxBG9"",""StationExitxBG6"",""OperationNo"",""WorkPlanNo"",""OrderNo"",""StepNo"",""CarrierID"",""iResourceID"",""OrderPosition"",""PartNumber""]",594,0,0,1,1560772774515.0,1560774476019.0
Exp20190617/dump_20190617_1429.sql,Exp20190617,True,tblPowerLog,"[""polimi""]","[""ResourceID"",""timeStamp"",""ActivePowerL1"",""Flow"",""Pressure""]",27952,0,0,2,1560772771348.0,1560774589863.0
Exp20190617/dump_20190617_1429.sql,Exp20190617,True,tblSensorsLog,"[""polimi""]","[""ResourceID"",""timeStamp"",""StationEntryxBG5"",""ReadyAtStationxBG1"",""DoneWorkingxBG9"",""StationExitxBG6""]",0,0,0,0,,
